2024-06-04 17:07:55,835 - DEBUG - Starting new HTTPS connection (1): www.ebay.it:443
2024-06-04 17:07:56,364 - DEBUG - https://www.ebay.it:443 "GET /sch/i.html?_nkw=Samsung%20Galaxy%20S10&_ipg=120&_pgn=1&_sop=12 HTTP/1.1" 200 None
2024-06-04 17:07:57,642 - DEBUG - Titolo: Samsung Galaxy S10 SM-G973F/DS - 128GB - Prism Black (Senza operatore)..., Prezzo: EUR 140,00, URL: https://www.ebay.it/sch/i.html?_nkw=Samsung Galaxy S10&_ipg=120&_pgn=1&_sop=12
2024-06-04 17:07:57,642 - DEBUG - Titolo: Nuova inserzioneSamsung Galaxy S10e SM-G970F - 128GB - Prism Black (Sbloccato) (Dual SIM), Prezzo: EUR 149,99, URL: https://www.ebay.it/sch/i.html?_nkw=Samsung Galaxy S10&_ipg=120&_pgn=1&_sop=12
2024-06-04 17:07:57,643 - DEBUG - Titolo: Samsung Galaxy S10 Plus - 128GB - Prism White  (Dual SIM) , Prezzo: EUR 84,50, URL: https://www.ebay.it/sch/i.html?_nkw=Samsung Galaxy S10&_ipg=120&_pgn=1&_sop=12
2024-06-04 17:07:57,643 - DEBUG - Titolo: Samsung Galaxy S10 Plus - 128GB - Prism blue (Dual SIM), Prezzo: EUR 35,00, URL: https://www.ebay.it/sch/i.html?_nkw=Samsung Galaxy S10&_ipg=120&_pgn=1&_sop=12
2024-06-04 17:07:57,643 - DEBUG - Titolo: Samsung Galaxy S10 SM-G973F/DS - 128 GB - nero prisma (senza SIM-lock) (Dual-SIM), Prezzo: EUR 80,00, URL: https://www.ebay.it/sch/i.html?_nkw=Samsung Galaxy S10&_ipg=120&_pgn=1&_sop=12
2024-06-04 17:07:57,643 - DEBUG - Titolo: Samsung Galaxy S10  128Go , Prezzo: EUR 15,00, URL: https://www.ebay.it/sch/i.html?_nkw=Samsung Galaxy S10&_ipg=120&_pgn=1&_sop=12
2024-06-04 17:07:57,643 - DEBUG - Titolo: ✅ Samsung Galaxy S10 - 128GB - Prism White da riparare o per uso ricambi, Prezzo: EUR 69,00, URL: https://www.ebay.it/sch/i.html?_nkw=Samsung Galaxy S10&_ipg=120&_pgn=1&_sop=12
2024-06-04 17:07:57,643 - DEBUG - Titolo: Samsung Galaxy S10e SM-G970F - 128GB - Prism Black (Sbloccato) (Dual SIM), Prezzo: EUR 120,00, URL: https://www.ebay.it/sch/i.html?_nkw=Samsung Galaxy S10&_ipg=120&_pgn=1&_sop=12
2024-06-04 17:07:57,643 - DEBUG - Titolo: samsung s10 usato, Prezzo: EUR 40,00, URL: https://www.ebay.it/sch/i.html?_nkw=Samsung Galaxy S10&_ipg=120&_pgn=1&_sop=12
2024-06-04 17:07:57,643 - DEBUG - Titolo: Samsung Galaxy S10e SM-G970F - 128GB - Prism Black (Sbloccato) (Dual SIM), Prezzo: EUR 140,00, URL: https://www.ebay.it/sch/i.html?_nkw=Samsung Galaxy S10&_ipg=120&_pgn=1&_sop=12
2024-06-04 17:07:57,643 - DEBUG - Titolo: Samsung Galaxy S10 Plus Blue  Smartphone Cellulare 128 gb - VETRO ROTTO!, Prezzo: EUR 95,00, URL: https://www.ebay.it/sch/i.html?_nkw=Samsung Galaxy S10&_ipg=120&_pgn=1&_sop=12
2024-06-04 17:07:57,643 - DEBUG - Titolo: Samsung Galaxy S10e 2019 128 GB prisma dual SIM nero ottime condizioni sbloccato, Prezzo: EUR 114,56, URL: https://www.ebay.it/sch/i.html?_nkw=Samsung Galaxy S10&_ipg=120&_pgn=1&_sop=12
2024-06-04 17:07:57,644 - DEBUG - Titolo: 🌟 🌟 🌟 🌟 🌟 Samsung Galaxy S10e 128GB Black Nero NUOVO, Prezzo: EUR 219,00, URL: https://www.ebay.it/sch/i.html?_nkw=Samsung Galaxy S10&_ipg=120&_pgn=1&_sop=12
2024-06-04 17:07:57,644 - DEBUG - Titolo: Samsung Galaxy S10e SM-G970F/DS 128GB TIM Giallo + Galaxy Buds Canary Giallo A++, Prezzo: EUR 250,00, URL: https://www.ebay.it/sch/i.html?_nkw=Samsung Galaxy S10&_ipg=120&_pgn=1&_sop=12
2024-06-04 17:07:57,644 - DEBUG - Titolo: Samsung Galaxy S10 SM-G973F/DS - 128GB - Prism Black (Senza operatore), Prezzo: EUR 130,00, URL: https://www.ebay.it/sch/i.html?_nkw=Samsung Galaxy S10&_ipg=120&_pgn=1&_sop=12
2024-06-04 17:07:57,644 - DEBUG - Titolo: Samsung Galaxy S10+ SM-G975F - 128GB - Prism Black (Tre) (Doppia SIM), Prezzo: EUR 160,00, URL: https://www.ebay.it/sch/i.html?_nkw=Samsung Galaxy S10&_ipg=120&_pgn=1&_sop=12
2024-06-04 17:07:57,644 - DEBUG - Titolo: Samsung Galaxy S10e SM-G970F - 128GB - Prism Black (Sbloccato) (Dual SIM), Prezzo: EUR 80,00, URL: https://www.ebay.it/sch/i.html?_nkw=Samsung Galaxy S10&_ipg=120&_pgn=1&_sop=12
2024-06-04 17:07:57,644 - DEBUG - Titolo: Samsung Galaxy S10e SM-G970U 128GB Smartphone 5.8" 6GB RAM Octa-core, Prezzo: EUR 165,99, URL: https://www.ebay.it/sch/i.html?_nkw=Samsung Galaxy S10&_ipg=120&_pgn=1&_sop=12
2024-06-04 17:07:57,644 - DEBUG - Titolo: Samsung Galaxy S10+ Plus G975F/DS 128 GB prisma dual sim bianco, Prezzo: EUR 169,50, URL: https://www.ebay.it/sch/i.html?_nkw=Samsung Galaxy S10&_ipg=120&_pgn=1&_sop=12
2024-06-04 17:07:57,644 - DEBUG - Titolo: Samsung Galaxy S10+ SM-G975F 128 GB verde sbloccato doppia SIM LCD 971 difettoso, Prezzo: EUR 57,33, URL: https://www.ebay.it/sch/i.html?_nkw=Samsung Galaxy S10&_ipg=120&_pgn=1&_sop=12
2024-06-04 17:07:57,644 - DEBUG - Titolo: Samsung Galaxy S10e SM-G970 - 128Go - Noir Prisme (Désimlocké) (Simple SIM), Prezzo: EUR 175,00, URL: https://www.ebay.it/sch/i.html?_nkw=Samsung Galaxy S10&_ipg=120&_pgn=1&_sop=12
2024-06-04 17:07:57,645 - DEBUG - Titolo: Samsung Galaxy S10 5g, Prezzo: EUR 138,00, URL: https://www.ebay.it/sch/i.html?_nkw=Samsung Galaxy S10&_ipg=120&_pgn=1&_sop=12
2024-06-04 17:07:57,645 - DEBUG - Titolo: Samsung Galaxy S10 SM-G973F - 128GB - Prism Black  (Doppia SIM), Prezzo: EUR 119,99, URL: https://www.ebay.it/sch/i.html?_nkw=Samsung Galaxy S10&_ipg=120&_pgn=1&_sop=12
2024-06-04 17:07:57,645 - DEBUG - Titolo: Nuova inserzioneSMARTPHONE Samsung S10 Lite, Prezzo: EUR 89,00, URL: https://www.ebay.it/sch/i.html?_nkw=Samsung Galaxy S10&_ipg=120&_pgn=1&_sop=12
2024-06-04 17:07:57,645 - DEBUG - Titolo: Nuova inserzioneSamsung Galaxy S10+ SM-G975 - 128 GB - bianco prisma (sbloccato) (SIM singola), Prezzo: EUR 9,39, URL: https://www.ebay.it/sch/i.html?_nkw=Samsung Galaxy S10&_ipg=120&_pgn=1&_sop=12
2024-06-04 17:07:57,645 - DEBUG - Titolo: samsumg s10, Prezzo: EUR 130,00, URL: https://www.ebay.it/sch/i.html?_nkw=Samsung Galaxy S10&_ipg=120&_pgn=1&_sop=12
2024-06-04 17:07:57,645 - DEBUG - Titolo: SAMSUNG GALAXY S8 64GB NUOVO! BLU NERO GRIGIO ORO SM-G950F GARANZIA ITA S9 S10, Prezzo: EUR 204,90, URL: https://www.ebay.it/sch/i.html?_nkw=Samsung Galaxy S10&_ipg=120&_pgn=1&_sop=12
2024-06-04 17:07:57,645 - DEBUG - Titolo: Nuovo Samsung Galaxy S10e SM-G970U 128GB Sbloccato Smartphone 5,8" Octa Core, Prezzo: EUR 165,99, URL: https://www.ebay.it/sch/i.html?_nkw=Samsung Galaxy S10&_ipg=120&_pgn=1&_sop=12
2024-06-04 17:07:57,645 - DEBUG - Titolo: Samsung Galaxy S10 SM-G973F - 128 GB - nero prisma (sbloccato) (Dual SIM), Prezzo: EUR 98,71, URL: https://www.ebay.it/sch/i.html?_nkw=Samsung Galaxy S10&_ipg=120&_pgn=1&_sop=12
2024-06-04 17:07:57,645 - DEBUG - Titolo: Samsung Galaxy s10+, Prezzo: EUR 86,42, URL: https://www.ebay.it/sch/i.html?_nkw=Samsung Galaxy S10&_ipg=120&_pgn=1&_sop=12
2024-06-04 17:07:57,645 - DEBUG - Titolo: Samsung Galaxy S10 SM-G973F/DS - 128GB - Prism Black, Prezzo: EUR 69,99, URL: https://www.ebay.it/sch/i.html?_nkw=Samsung Galaxy S10&_ipg=120&_pgn=1&_sop=12
2024-06-04 17:07:57,645 - DEBUG - Titolo: SAMSUNG GALAXY S10E GREEN 128GB SM-G970U ECCELLENTE NO GRAFFI, Prezzo: EUR 199,00, URL: https://www.ebay.it/sch/i.html?_nkw=Samsung Galaxy S10&_ipg=120&_pgn=1&_sop=12
2024-06-04 17:07:57,646 - DEBUG - Titolo: Samsung Galaxy S10 Dual SIM 128 GB 8 GB RAM SM-G973F/DS rottura display, Prezzo: EUR 79,90, URL: https://www.ebay.it/sch/i.html?_nkw=Samsung Galaxy S10&_ipg=120&_pgn=1&_sop=12
2024-06-04 17:07:57,646 - DEBUG - Titolo: Samsung Galaxy S10e Perfetto, Prezzo: EUR 150,00, URL: https://www.ebay.it/sch/i.html?_nkw=Samsung Galaxy S10&_ipg=120&_pgn=1&_sop=12
2024-06-04 17:07:57,646 - DEBUG - Titolo: Samsung Galaxy S10e Duos 128gb, Prezzo: EUR 105,00, URL: https://www.ebay.it/sch/i.html?_nkw=Samsung Galaxy S10&_ipg=120&_pgn=1&_sop=12
2024-06-04 17:07:57,646 - DEBUG - Titolo: Samsung Galaxy S10 128Go Original avec facture Déblocage cet opérateur, Prezzo: EUR 200,00, URL: https://www.ebay.it/sch/i.html?_nkw=Samsung Galaxy S10&_ipg=120&_pgn=1&_sop=12
2024-06-04 17:07:57,646 - DEBUG - Titolo: Smartphone Samsung Galaxy S10e SM-G970U 128 GB + 6 GB sbloccato in fabbrica - nuovo sigillato, Prezzo: EUR 164,52, URL: https://www.ebay.it/sch/i.html?_nkw=Samsung Galaxy S10&_ipg=120&_pgn=1&_sop=12
2024-06-04 17:07:57,646 - DEBUG - Titolo: Samsung Galaxy S10 SM-G973F 128 GB nero sbloccato doppia SIM schermo rotto 150, Prezzo: EUR 86,00, URL: https://www.ebay.it/sch/i.html?_nkw=Samsung Galaxy S10&_ipg=120&_pgn=1&_sop=12
2024-06-04 17:07:57,646 - DEBUG - Titolo: Samsung Galaxy S10e SM-G970 - 128 GB - blu prisma (senza SIM-lock), Prezzo: EUR 75,00, URL: https://www.ebay.it/sch/i.html?_nkw=Samsung Galaxy S10&_ipg=120&_pgn=1&_sop=12
2024-06-04 17:07:57,646 - DEBUG - Titolo: CELLULARE SMARTPHONE SAMSUNG GALAXY S10+ 512GB DISPLAY 6.4"- INCH, 8GB RAM- NERO, Prezzo: EUR 161,19, URL: https://www.ebay.it/sch/i.html?_nkw=Samsung Galaxy S10&_ipg=120&_pgn=1&_sop=12
2024-06-04 17:07:57,646 - DEBUG - Titolo: Samsung Galaxy S10 Plus difettoso, Prezzo: EUR 15,26, URL: https://www.ebay.it/sch/i.html?_nkw=Samsung Galaxy S10&_ipg=120&_pgn=1&_sop=12
2024-06-04 17:07:57,646 - DEBUG - Titolo: "Samsung G973F Galaxy S10 128 GB (blu prisma) ""accettabile", Prezzo: EUR 111,00, URL: https://www.ebay.it/sch/i.html?_nkw=Samsung Galaxy S10&_ipg=120&_pgn=1&_sop=12
2024-06-04 17:07:57,646 - DEBUG - Titolo: Samsung S10 Plus, Prezzo: EUR 60,00, URL: https://www.ebay.it/sch/i.html?_nkw=Samsung Galaxy S10&_ipg=120&_pgn=1&_sop=12
2024-06-04 17:07:57,647 - DEBUG - Titolo: Samsung Galaxy S10+ Plus 128 GB prisma nero - difettoso, Prezzo: EUR 46,99, URL: https://www.ebay.it/sch/i.html?_nkw=Samsung Galaxy S10&_ipg=120&_pgn=1&_sop=12
2024-06-04 17:07:57,647 - DEBUG - Titolo: Smartphone SAMSUNG Galaxy S10 SM-G973F/DS dual-SIM (graffi) nero, Prezzo: EUR 135,00, URL: https://www.ebay.it/sch/i.html?_nkw=Samsung Galaxy S10&_ipg=120&_pgn=1&_sop=12
2024-06-04 17:07:57,647 - DEBUG - Titolo: Samsung Galaxy S10e Dual SIM 128 GB 6 GB RAM SM-G970F/DS Prism nero SIM free , Prezzo: EUR 122,90, URL: https://www.ebay.it/sch/i.html?_nkw=Samsung Galaxy S10&_ipg=120&_pgn=1&_sop=12
2024-06-04 17:07:57,647 - DEBUG - Titolo: Samsung Galaxy S10 DUOS SM-G973F / DS - 128 GB - nero mezzanotte SBLOCCATO Dual SIM, Prezzo: EUR 129,25, URL: https://www.ebay.it/sch/i.html?_nkw=Samsung Galaxy S10&_ipg=120&_pgn=1&_sop=12
2024-06-04 17:07:57,647 - DEBUG - Titolo: Samsung Galaxy S10 SM-G973F - 128 GB - verde prisma (sbloccato) (Dual SIM) - rotto, Prezzo: EUR 52,88, URL: https://www.ebay.it/sch/i.html?_nkw=Samsung Galaxy S10&_ipg=120&_pgn=1&_sop=12
2024-06-04 17:07:57,647 - DEBUG - Titolo: Smartphone Samsung Galaxy S10 G973F/DS 128 GB Prism White reso cliente come nuovo, Prezzo: EUR 199,99, URL: https://www.ebay.it/sch/i.html?_nkw=Samsung Galaxy S10&_ipg=120&_pgn=1&_sop=12
2024-06-04 17:07:57,647 - DEBUG - Titolo: Samsung Galaxy S10 - 128 GB - nero (sbloccato) (Dual SIM) - bruciore dello schermo, Prezzo: EUR 76,38, URL: https://www.ebay.it/sch/i.html?_nkw=Samsung Galaxy S10&_ipg=120&_pgn=1&_sop=12
2024-06-04 17:07:57,647 - DEBUG - Titolo: Samsung Galaxy S10e SM-G970 - 128 GB - nero prisma (sbloccato) (SIM singola) , Prezzo: EUR 35,24, URL: https://www.ebay.it/sch/i.html?_nkw=Samsung Galaxy S10&_ipg=120&_pgn=1&_sop=12
2024-06-04 17:07:57,647 - DEBUG - Titolo: Samsung Galaxy S10+ SM-G975F  512GB  Ceramic White PERFETTO COME NUOVO + 2 COVER, Prezzo: EUR 290,00, URL: https://www.ebay.it/sch/i.html?_nkw=Samsung Galaxy S10&_ipg=120&_pgn=1&_sop=12
2024-06-04 17:07:57,647 - DEBUG - Titolo: Nuova inserzioneSamsung Galaxy S10e SM-G970 - 128 GB - nero prisma (sbloccato) (SIM singola), Prezzo: EUR 70,50, URL: https://www.ebay.it/sch/i.html?_nkw=Samsung Galaxy S10&_ipg=120&_pgn=1&_sop=12
2024-06-04 17:07:57,648 - DEBUG - Titolo: Samsung Galaxy S10 Lite SM-G770F/DS - 128 GB - bianco prisma (sbloccato) (Dual SIM), Prezzo: EUR 135,14, URL: https://www.ebay.it/sch/i.html?_nkw=Samsung Galaxy S10&_ipg=120&_pgn=1&_sop=12
2024-06-04 17:07:57,648 - DEBUG - Titolo: Samsung galaxy s10+ 128GB, Prezzo: EUR 170,00, URL: https://www.ebay.it/sch/i.html?_nkw=Samsung Galaxy S10&_ipg=120&_pgn=1&_sop=12
2024-06-04 17:07:57,648 - DEBUG - Titolo: Samsung Galaxy S10 Plus G975DS 2019 128 GB sbloccato verde cosmetici molto buoni 339, Prezzo: EUR 93,11, URL: https://www.ebay.it/sch/i.html?_nkw=Samsung Galaxy S10&_ipg=120&_pgn=1&_sop=12
2024-06-04 17:07:57,648 - DEBUG - Titolo: Samsung Galaxy S10 SM-G973F/DS  - 128Go - Noir Prisme -, Prezzo: EUR 100,00, URL: https://www.ebay.it/sch/i.html?_nkw=Samsung Galaxy S10&_ipg=120&_pgn=1&_sop=12
2024-06-04 17:07:57,648 - DEBUG - Titolo: Samsung Galaxy S10 SM-G973F/DS - 128 Go - Noir - Double Sim (Débloqué), Prezzo: EUR 170,00, URL: https://www.ebay.it/sch/i.html?_nkw=Samsung Galaxy S10&_ipg=120&_pgn=1&_sop=12
2024-06-04 17:07:57,648 - DEBUG - Titolo: Aperto Samsung Galaxy S10+ SM-G975U 128GB Smartphone Octa-core Singola Sim 6.4", Prezzo: EUR 199,99, URL: https://www.ebay.it/sch/i.html?_nkw=Samsung Galaxy S10&_ipg=120&_pgn=1&_sop=12
2024-06-04 17:07:57,648 - DEBUG - Titolo: Samsung Galaxy S10 Plus - 128GB - Prism White (Dual SIM), Prezzo: EUR 170,00, URL: https://www.ebay.it/sch/i.html?_nkw=Samsung Galaxy S10&_ipg=120&_pgn=1&_sop=12
2024-06-04 17:07:57,648 - DEBUG - Titolo: Samsung Galaxy S10 4G SM-G973F/DS 128 GB + 8 GB prisma bianco (sbloccato) (Dual SIM), Prezzo: EUR 164,85, URL: https://www.ebay.it/sch/i.html?_nkw=Samsung Galaxy S10&_ipg=120&_pgn=1&_sop=12
2024-06-04 17:07:57,648 - DEBUG - Titolo: Samsung Galaxy S10e - 128 GB - telefono Android sbloccato - Leggi l'inserzione, Prezzo: EUR 105,75, URL: https://www.ebay.it/sch/i.html?_nkw=Samsung Galaxy S10&_ipg=120&_pgn=1&_sop=12
2024-06-04 17:07:57,648 - DEBUG - Titolo: Samsung Galaxy S10 Lite - 128GB - Black (Senza operatore), Prezzo: EUR 150,00, URL: https://www.ebay.it/sch/i.html?_nkw=Samsung Galaxy S10&_ipg=120&_pgn=1&_sop=12
2024-06-04 17:07:57,648 - DEBUG - Titolo: (Solo telefono) Samsung Galaxy S10e 128 GB + 6 GB prisma dual sim bianco • SM-G970F/DS, Prezzo: EUR 164,50, URL: https://www.ebay.it/sch/i.html?_nkw=Samsung Galaxy S10&_ipg=120&_pgn=1&_sop=12
2024-06-04 17:07:57,649 - DEBUG - Titolo: Samsung Galaxy S10 128 GB Prism Black Android smartphone usato buono, Prezzo: EUR 159,99, URL: https://www.ebay.it/sch/i.html?_nkw=Samsung Galaxy S10&_ipg=120&_pgn=1&_sop=12
2024-06-04 17:07:57,649 - DEBUG - Titolo: Samsung Galaxy S10+ SM-G975F - 128GB - Prism White (Vodafone) (Doppia SIM), Prezzo: EUR 150,00, URL: https://www.ebay.it/sch/i.html?_nkw=Samsung Galaxy S10&_ipg=120&_pgn=1&_sop=12
2024-06-04 17:07:57,649 - DEBUG - Titolo: Nuovo Samsung Galaxy S10E G970U 128GB Sbloccato Senza Contratto Smartphone , Prezzo: EUR 164,99, URL: https://www.ebay.it/sch/i.html?_nkw=Samsung Galaxy S10&_ipg=120&_pgn=1&_sop=12
2024-06-04 17:07:57,649 - DEBUG - Titolo: Samsung Galaxy S10 SM-G973F - Display Rotto - Pezzi di Ricambio Scheda Madre ecc, Prezzo: EUR 70,00, URL: https://www.ebay.it/sch/i.html?_nkw=Samsung Galaxy S10&_ipg=120&_pgn=1&_sop=12
2024-06-04 17:07:57,649 - DEBUG - Titolo: Samsung Galaxy S10e SM-G970U 128GB Sbloccato Androide Smartphone SIM FREE Nuovo, Prezzo: EUR 164,88, URL: https://www.ebay.it/sch/i.html?_nkw=Samsung Galaxy S10&_ipg=120&_pgn=1&_sop=12
2024-06-04 17:07:57,649 - DEBUG - Titolo: Nuova inserzioneSamsung Galaxy S10 Lite DS 6 RAM 128 GB Android (PO183842), Prezzo: EUR 139,00, URL: https://www.ebay.it/sch/i.html?_nkw=Samsung Galaxy S10&_ipg=120&_pgn=1&_sop=12
2024-06-04 17:07:57,649 - DEBUG - Titolo: Samsung Galaxy S10+ SM-G975F - 128Go - Noir - Ecran cassé, Prezzo: EUR 100,00, URL: https://www.ebay.it/sch/i.html?_nkw=Samsung Galaxy S10&_ipg=120&_pgn=1&_sop=12
2024-06-04 17:07:57,649 - DEBUG - Titolo: Samsung Galaxy S10 5G 256 GB nero maestoso sbloccato singolo buona qualità B/C 200, Prezzo: EUR 164,50, URL: https://www.ebay.it/sch/i.html?_nkw=Samsung Galaxy S10&_ipg=120&_pgn=1&_sop=12
2024-06-04 17:07:57,649 - DEBUG - Titolo: Samsung Galaxy S10+ SM-G975 blu (sbloccato) + scatola, cuffie ecc., Prezzo: EUR 36,43, URL: https://www.ebay.it/sch/i.html?_nkw=Samsung Galaxy S10&_ipg=120&_pgn=1&_sop=12
2024-06-04 17:07:57,649 - DEBUG - Titolo: Nuovo Samsung Galaxy S10+ SM-G975U S10 Plus 128GB Sbloccato Smartphone SIM FREE, Prezzo: EUR 286,99, URL: https://www.ebay.it/sch/i.html?_nkw=Samsung Galaxy S10&_ipg=120&_pgn=1&_sop=12
2024-06-04 17:07:57,650 - DEBUG - Titolo: Nuovo Samsung Galaxy S10 G973U 128GB Sbloccato Senza Contratto Smartphone 6.1", Prezzo: EUR 256,99, URL: https://www.ebay.it/sch/i.html?_nkw=Samsung Galaxy S10&_ipg=120&_pgn=1&_sop=12
2024-06-04 17:07:57,650 - DEBUG - Titolo: Smartphone Samsung S10+ Plus G975U 6,4" 128 GB sbloccato in fabbrica tutti i colori, Prezzo: EUR 171,56, URL: https://www.ebay.it/sch/i.html?_nkw=Samsung Galaxy S10&_ipg=120&_pgn=1&_sop=12
2024-06-04 17:07:57,650 - DEBUG - Titolo: Samsung Galaxy s10 + Samsung S8, Prezzo: EUR 187,00, URL: https://www.ebay.it/sch/i.html?_nkw=Samsung Galaxy S10&_ipg=120&_pgn=1&_sop=12
2024-06-04 17:07:57,650 - DEBUG - Titolo: Samsung Galaxy S10e SM-G970F 128 GB bianco sbloccato doppia SIM grado medio C 393, Prezzo: EUR 86,00, URL: https://www.ebay.it/sch/i.html?_nkw=Samsung Galaxy S10&_ipg=120&_pgn=1&_sop=12
2024-06-04 17:07:57,650 - DEBUG - Titolo: Nuovo Samsung Galaxy S10+ SM-G975U 128GB Smartphone Octa-core Singola Sim 6.4", Prezzo: EUR 258,88, URL: https://www.ebay.it/sch/i.html?_nkw=Samsung Galaxy S10&_ipg=120&_pgn=1&_sop=12
2024-06-04 17:07:57,650 - DEBUG - Titolo: Samsung Galaxy S10+ Plus (no brand), Prezzo: EUR 165,00, URL: https://www.ebay.it/sch/i.html?_nkw=Samsung Galaxy S10&_ipg=120&_pgn=1&_sop=12
2024-06-04 17:07:57,650 - DEBUG - Titolo: Samsung S10 6.1 snapdragon 855 G9730, Prezzo: EUR 250,00, URL: https://www.ebay.it/sch/i.html?_nkw=Samsung Galaxy S10&_ipg=120&_pgn=1&_sop=12
2024-06-04 17:07:57,650 - DEBUG - Titolo: Samsung Galaxy S10 Lite - 128GB - Black (Senza operatore), Prezzo: EUR 129,90, URL: https://www.ebay.it/sch/i.html?_nkw=Samsung Galaxy S10&_ipg=120&_pgn=1&_sop=12
2024-06-04 17:07:57,650 - DEBUG - Titolo: Samsung Galaxy S10 SM-G977B - 256 GB - corona argento - SBLOCCATO - IN SCATOLA, Prezzo: EUR 47,00, URL: https://www.ebay.it/sch/i.html?_nkw=Samsung Galaxy S10&_ipg=120&_pgn=1&_sop=12
2024-06-04 17:07:57,650 - DEBUG - Titolo: Samsung s10 Plus Bianco Con Difetto, Prezzo: EUR 140,00, URL: https://www.ebay.it/sch/i.html?_nkw=Samsung Galaxy S10&_ipg=120&_pgn=1&_sop=12
2024-06-04 17:07:57,650 - DEBUG - Titolo: Samsung Galaxy S10e SM-G970 - 6GB/128GB - Prism Black - NUOVO, Prezzo: EUR 245,00, URL: https://www.ebay.it/sch/i.html?_nkw=Samsung Galaxy S10&_ipg=120&_pgn=1&_sop=12
2024-06-04 17:07:57,651 - DEBUG - Titolo: Smartphone Samsung Galaxy S10e 128GB/5.8" 6GB RAM dual Sim + micro SD Grado A++ , Prezzo: EUR 199,99, URL: https://www.ebay.it/sch/i.html?_nkw=Samsung Galaxy S10&_ipg=120&_pgn=1&_sop=12
2024-06-04 17:07:57,651 - DEBUG - Titolo: Samsung Galaxy S10e SM-G970F 128 GB bianco sbloccato doppia SIM schermo rotto 888, Prezzo: EUR 86,00, URL: https://www.ebay.it/sch/i.html?_nkw=Samsung Galaxy S10&_ipg=120&_pgn=1&_sop=12
2024-06-04 17:07:57,651 - DEBUG - Titolo: Samsung Galaxy S10 SM-G973F/DS - 128Go - BLANC - Vitre cassée, Prezzo: EUR 110,00, URL: https://www.ebay.it/sch/i.html?_nkw=Samsung Galaxy S10&_ipg=120&_pgn=1&_sop=12
2024-06-04 17:07:57,651 - DEBUG - Titolo: Samsung Galaxy S10e, Prezzo: EUR 200,00, URL: https://www.ebay.it/sch/i.html?_nkw=Samsung Galaxy S10&_ipg=120&_pgn=1&_sop=12
2024-06-04 17:07:57,651 - DEBUG - Titolo: SAMSUNG GALAXI S10 5G, Prezzo: EUR 230,00, URL: https://www.ebay.it/sch/i.html?_nkw=Samsung Galaxy S10&_ipg=120&_pgn=1&_sop=12
2024-06-04 17:07:57,651 - DEBUG - Titolo: Samsung Galaxy S10 - 128Go - 8Go RAM- Blanc- Ecran HS, Prezzo: EUR 70,00, URL: https://www.ebay.it/sch/i.html?_nkw=Samsung Galaxy S10&_ipg=120&_pgn=1&_sop=12
2024-06-04 17:07:57,651 - DEBUG - Titolo: Samsung S10e bleu 128 Go, Prezzo: EUR 249,00, URL: https://www.ebay.it/sch/i.html?_nkw=Samsung Galaxy S10&_ipg=120&_pgn=1&_sop=12
2024-06-04 17:07:57,651 - DEBUG - Titolo: Samsung Galaxy S10 128GB, Prezzo: EUR 145,00, URL: https://www.ebay.it/sch/i.html?_nkw=Samsung Galaxy S10&_ipg=120&_pgn=1&_sop=12
2024-06-04 17:07:57,651 - DEBUG - Titolo: Nuovo Samsung Galaxy S10e 128GB Sbloccato Senza Contratto SIM FREE Smartphone , Prezzo: EUR 164,88, URL: https://www.ebay.it/sch/i.html?_nkw=Samsung Galaxy S10&_ipg=120&_pgn=1&_sop=12
2024-06-04 17:07:57,651 - DEBUG - Titolo: Samsung Galaxy S10 Plus - 128GB - Prism White (Sbloccato) (Dual SIM), Prezzo: EUR 200,00, URL: https://www.ebay.it/sch/i.html?_nkw=Samsung Galaxy S10&_ipg=120&_pgn=1&_sop=12
2024-06-04 17:07:57,651 - DEBUG - Titolo: Samsung Galaxy S10e 128gb SM-G970F Désimlocké , Prezzo: EUR 139,00, URL: https://www.ebay.it/sch/i.html?_nkw=Samsung Galaxy S10&_ipg=120&_pgn=1&_sop=12
2024-06-04 17:07:57,651 - DEBUG - Titolo: Nuova inserzioneSamsung Galaxy S10+ SM-G975 - 128 GB - nero prisma, per parti di ricambio o riparazione, Prezzo: EUR 1,16, URL: https://www.ebay.it/sch/i.html?_nkw=Samsung Galaxy S10&_ipg=120&_pgn=1&_sop=12
2024-06-04 17:07:57,652 - DEBUG - Titolo: Samsung Galaxy S10 + - 128GB - Prism Black (Sbloccato) (Dual SIM), Prezzo: EUR 45,00, URL: https://www.ebay.it/sch/i.html?_nkw=Samsung Galaxy S10&_ipg=120&_pgn=1&_sop=12
2024-06-04 17:07:57,652 - DEBUG - Titolo: Samsung Galaxy S10 - 128Go - 8Go RAM- Noir- Defaut Ecran, Prezzo: EUR 90,00, URL: https://www.ebay.it/sch/i.html?_nkw=Samsung Galaxy S10&_ipg=120&_pgn=1&_sop=12
2024-06-04 17:07:57,652 - DEBUG - Titolo: Samsung Galaxy S10+ SM-G975F - 128Go - Noir - Ecran cassé HS, Prezzo: EUR 90,00, URL: https://www.ebay.it/sch/i.html?_nkw=Samsung Galaxy S10&_ipg=120&_pgn=1&_sop=12
2024-06-04 17:07:57,652 - DEBUG - Titolo: Nuova inserzioneSamsung S10e - 128GB - nero (Dual-SIM) - MOLTO BEN CONSERVATO, Prezzo: EUR 140,00, URL: https://www.ebay.it/sch/i.html?_nkw=Samsung Galaxy S10&_ipg=120&_pgn=1&_sop=12
2024-06-04 17:07:57,652 - DEBUG - Titolo: Samsung Galaxy S10e SM-G970F - 128GB - Prism Black (Sbloccato) (Dual SIM), Prezzo: EUR 140,00, URL: https://www.ebay.it/sch/i.html?_nkw=Samsung Galaxy S10&_ipg=120&_pgn=1&_sop=12
2024-06-04 17:07:57,652 - DEBUG - Titolo: Samsung Galaxy S10 Pezzi Di Ricambio , Prezzo: EUR 39,00, URL: https://www.ebay.it/sch/i.html?_nkw=Samsung Galaxy S10&_ipg=120&_pgn=1&_sop=12
2024-06-04 17:07:57,652 - DEBUG - Titolo: Nuova inserzioneSamsung Galaxy S10 SM-G973 - 128 GB - (sbloccato) doppia SIM, Prezzo: EUR 158,64, URL: https://www.ebay.it/sch/i.html?_nkw=Samsung Galaxy S10&_ipg=120&_pgn=1&_sop=12
2024-06-04 17:07:57,652 - DEBUG - Titolo: Samsung Galaxy S10e - 128GB - Prism Black + 2 Covers - EXCELLENT CONDITIONS , Prezzo: EUR 150,00, URL: https://www.ebay.it/sch/i.html?_nkw=Samsung Galaxy S10&_ipg=120&_pgn=1&_sop=12
2024-06-04 17:07:57,652 - DEBUG - Titolo: Smartphone sbloccato originale Samsung S10+ Plus G975U1 6,4" 128 GB tutti i colori, Prezzo: EUR 171,20, URL: https://www.ebay.it/sch/i.html?_nkw=Samsung Galaxy S10&_ipg=120&_pgn=1&_sop=12
2024-06-04 17:07:57,653 - DEBUG - Titolo: Smartphone Samsung Galaxy S10 G973F/DS 128GB Prism White merce usata testata, Prezzo: EUR 189,99, URL: https://www.ebay.it/sch/i.html?_nkw=Samsung Galaxy S10&_ipg=120&_pgn=1&_sop=12
2024-06-04 17:07:57,653 - DEBUG - Titolo: Smartphone Android Samsung Galaxy S10 LTE 128 GB 512 GB 16MP - DE rivenditore, Prezzo: EUR 124,22, URL: https://www.ebay.it/sch/i.html?_nkw=Samsung Galaxy S10&_ipg=120&_pgn=1&_sop=12
2024-06-04 17:07:57,653 - DEBUG - Titolo: Samsung GALAXY S10 512GB + 512 SD card con Scatola e Accessori, Prezzo: EUR 275,00, URL: https://www.ebay.it/sch/i.html?_nkw=Samsung Galaxy S10&_ipg=120&_pgn=1&_sop=12
2024-06-04 17:07:57,653 - DEBUG - Titolo: Nuovo smartphone Samsung Galaxy S10e SM-G970U 128GB 5.8" sbloccato in fabbrica, Prezzo: EUR 164,88, URL: https://www.ebay.it/sch/i.html?_nkw=Samsung Galaxy S10&_ipg=120&_pgn=1&_sop=12
2024-06-04 17:07:57,653 - DEBUG - Titolo: Samsung Galaxy S10+ Plus (Dual SIM) - 1 TB - nero prisma (sbloccato) - punto LCD, Prezzo: EUR 150,52, URL: https://www.ebay.it/sch/i.html?_nkw=Samsung Galaxy S10&_ipg=120&_pgn=1&_sop=12
2024-06-04 17:07:57,653 - DEBUG - Titolo: Smartphone Android Samsung Galaxy S10+ Plus SM-G975F/DS nero rotto difettoso, Prezzo: EUR 46,99, URL: https://www.ebay.it/sch/i.html?_nkw=Samsung Galaxy S10&_ipg=120&_pgn=1&_sop=12
2024-06-04 17:07:57,653 - DEBUG - Titolo: Samsung Galaxy S10 Lite SM-G770F/DS 128 GB nero sbloccato doppia SIM GRADO B/C 815, Prezzo: EUR 129,01, URL: https://www.ebay.it/sch/i.html?_nkw=Samsung Galaxy S10&_ipg=120&_pgn=1&_sop=12
2024-06-04 17:07:57,653 - DEBUG - Titolo: Nuovo Samsung Galaxy S10e SM-G970U 128GB 5.8" Smartphone sbloccato in fabbrica , Prezzo: EUR 164,88, URL: https://www.ebay.it/sch/i.html?_nkw=Samsung Galaxy S10&_ipg=120&_pgn=1&_sop=12
2024-06-04 17:07:57,653 - DEBUG - Titolo: * Samsung Galaxy S10 Plus / 192 GB / S10 + Duos G975F/DS / aperto / IMBALLO ORIGINALE, Prezzo: EUR 209,00, URL: https://www.ebay.it/sch/i.html?_nkw=Samsung Galaxy S10&_ipg=120&_pgn=1&_sop=12
2024-06-04 17:07:57,653 - DEBUG - Titolo: Samsung Galaxy S10 G973 512GB  BLACK SMARTPHONE NUOVO GARANZIA ITALIA 24 MESI , Prezzo: EUR 499,00, URL: https://www.ebay.it/sch/i.html?_nkw=Samsung Galaxy S10&_ipg=120&_pgn=1&_sop=12
2024-06-04 17:07:57,654 - DEBUG - Titolo: Samsung Galaxy S10 Plus come nuovo dal rivenditore, Prezzo: EUR 289,22, URL: https://www.ebay.it/sch/i.html?_nkw=Samsung Galaxy S10&_ipg=120&_pgn=1&_sop=12
2024-06-04 17:07:57,654 - DEBUG - Titolo: Samsung Galaxy S10e 2019 128 GB prisma dual SIM nero buone condizioni sbloccato, Prezzo: EUR 106,73, URL: https://www.ebay.it/sch/i.html?_nkw=Samsung Galaxy S10&_ipg=120&_pgn=1&_sop=12
2024-06-04 17:07:57,654 - DEBUG - Titolo: Samsung galaxy s10 +, Prezzo: EUR 268,40, URL: https://www.ebay.it/sch/i.html?_nkw=Samsung Galaxy S10&_ipg=120&_pgn=1&_sop=12
2024-06-04 17:07:57,654 - DEBUG - Titolo: Samsung Galaxy S10+ Plus SM-G975F/DS 128/512GB/1TB Unlocked Very Good Condition, Prezzo: EUR 199,76, URL: https://www.ebay.it/sch/i.html?_nkw=Samsung Galaxy S10&_ipg=120&_pgn=1&_sop=12
2024-06-04 17:07:57,654 - DEBUG - Titolo: Nuova inserzioneSamsung Galaxy S10+ SM-G975 - 128 GB - bianco prisma per parti o riparazioni, Prezzo: EUR 9,39, URL: https://www.ebay.it/sch/i.html?_nkw=Samsung Galaxy S10&_ipg=120&_pgn=1&_sop=12
2024-06-04 17:07:57,654 - DEBUG - Titolo: cellulare samsung usato Galaxy S10 5G 256GB, Prezzo: EUR 256,00, URL: https://www.ebay.it/sch/i.html?_nkw=Samsung Galaxy S10&_ipg=120&_pgn=1&_sop=12
2024-06-04 17:07:57,654 - DEBUG - Titolo: Nuovo smartphone Android sbloccato Samsung Galaxy S10e 128 GB - tutti i colori A+, Prezzo: EUR 141,00, URL: https://www.ebay.it/sch/i.html?_nkw=Samsung Galaxy S10&_ipg=120&_pgn=1&_sop=12
2024-06-04 17:07:57,654 - DEBUG - Titolo: Per Samsung Galaxy S10 Plus protezione schermo vetro temperato completamente curvo trasparente, Prezzo: EUR 8,59, URL: https://www.ebay.it/sch/i.html?_nkw=Samsung Galaxy S10&_ipg=120&_pgn=1&_sop=12
2024-06-04 17:07:57,654 - DEBUG - Titolo: Samsung Galaxy S10e SM-G970U - 6GB/128GB - Prism Blue - NUOVO, Prezzo: EUR 263,00, URL: https://www.ebay.it/sch/i.html?_nkw=Samsung Galaxy S10&_ipg=120&_pgn=1&_sop=12
2024-06-04 17:07:57,654 - DEBUG - Titolo: Samsung Galaxy S10 - 128 GB + 6 GB prisma nero sbloccato - in scatola con accessori, Prezzo: EUR 244,81, URL: https://www.ebay.it/sch/i.html?_nkw=Samsung Galaxy S10&_ipg=120&_pgn=1&_sop=12
2024-06-04 17:07:57,655 - DEBUG - Titolo: Samsung Galaxy Duos S10 Prism Blue 128 GB smartphone senza SIM-lock Android prepagato, Prezzo: EUR 194,99, URL: https://www.ebay.it/sch/i.html?_nkw=Samsung Galaxy S10&_ipg=120&_pgn=1&_sop=12
2024-06-04 17:08:14,331 - DEBUG - Starting new HTTPS connection (1): www.ebay.it:443
2024-06-04 17:08:14,998 - DEBUG - https://www.ebay.it:443 "GET /sch/i.html?_nkw=God%20of%20war%20ps4&_ipg=120&_pgn=1&_sop=12 HTTP/1.1" 200 None
2024-06-04 17:08:16,424 - DEBUG - Titolo: GOD OF WAR PS4 PLAYSTATION 4 AZIONE AVVENTURA PRIMA STAMPA ITALIANA COME NUOVO, Prezzo: EUR 13,49, URL: https://www.ebay.it/sch/i.html?_nkw=God of war ps4&_ipg=120&_pgn=1&_sop=12
2024-06-04 17:08:16,425 - DEBUG - Titolo: PS4 GOD OF WAR PS4 HITS  PLAYSTATION 4 HITS NUOVO  ITALIANO PAL SIGILLATO, Prezzo: EUR 15,99, URL: https://www.ebay.it/sch/i.html?_nkw=God of war ps4&_ipg=120&_pgn=1&_sop=12
2024-06-04 17:08:16,425 - DEBUG - Titolo: Collezione God Of War Ascension Ps3 Ps4 Ps2 Collectors Fumetto Ecc , Prezzo: EUR 30,50, URL: https://www.ebay.it/sch/i.html?_nkw=God of war ps4&_ipg=120&_pgn=1&_sop=12
2024-06-04 17:08:16,425 - DEBUG - Titolo: GOD OF WAR PS4 PAL ITA videogioco SONY PLAYSTATION 4 PERFETTE CONDIZION ITALIANO, Prezzo: EUR 11,90, URL: https://www.ebay.it/sch/i.html?_nkw=God of war ps4&_ipg=120&_pgn=1&_sop=12
2024-06-04 17:08:16,425 - DEBUG - Titolo: GIOCO ORIGINALE GOD OF WAR X CONSOLE PS4 PLAYSTATION 4 IN ITALIANO, Prezzo: EUR 11,90, URL: https://www.ebay.it/sch/i.html?_nkw=God of war ps4&_ipg=120&_pgn=1&_sop=12
2024-06-04 17:08:16,425 - DEBUG - Titolo: GOD OF WAR PS4 PAL ITA videogioco SONY PLAYSTATION 4 COMPLETO in ITALIANO, Prezzo: EUR 14,90, URL: https://www.ebay.it/sch/i.html?_nkw=God of war ps4&_ipg=120&_pgn=1&_sop=12
2024-06-04 17:08:16,425 - DEBUG - Titolo: GOD OF WAR PS4 PLAYSTATION 4 COME NUOVO COMPLETO ITA 🇮🇹, Prezzo: EUR 15,00, URL: https://www.ebay.it/sch/i.html?_nkw=God of war ps4&_ipg=120&_pgn=1&_sop=12
2024-06-04 17:08:16,425 - DEBUG - Titolo: God of War Ragnarök (Sony PlayStation 4, 2022), Prezzo: EUR 20,00, URL: https://www.ebay.it/sch/i.html?_nkw=God of war ps4&_ipg=120&_pgn=1&_sop=12
2024-06-04 17:08:16,425 - DEBUG - Titolo: GOD OF WAR PS4 Day One Edition gioco per Sony Playstation 4 Multilingua (ITA), Prezzo: EUR 15,00, URL: https://www.ebay.it/sch/i.html?_nkw=God of war ps4&_ipg=120&_pgn=1&_sop=12
2024-06-04 17:08:16,426 - DEBUG - Titolo: [PS4] God Of War, Prezzo: EUR 9,99, URL: https://www.ebay.it/sch/i.html?_nkw=God of war ps4&_ipg=120&_pgn=1&_sop=12
2024-06-04 17:08:16,426 - DEBUG - Titolo: Nuova inserzioneGod of War PS4 USATO, Prezzo: EUR 10,00, URL: https://www.ebay.it/sch/i.html?_nkw=God of war ps4&_ipg=120&_pgn=1&_sop=12
2024-06-04 17:08:16,426 - DEBUG - Titolo: God Of War PS 4 , Prezzo: EUR 9,99, URL: https://www.ebay.it/sch/i.html?_nkw=God of war ps4&_ipg=120&_pgn=1&_sop=12
2024-06-04 17:08:16,426 - DEBUG - Titolo: GOD OF WAR III (3) REMASTERED - PS4 PLAYSTATION 4 ITALIANO NUOVO E SIGILLATO, Prezzo: EUR 15,99, URL: https://www.ebay.it/sch/i.html?_nkw=God of war ps4&_ipg=120&_pgn=1&_sop=12
2024-06-04 17:08:16,426 - DEBUG - Titolo: Pal Ita God Of War Sony Playstation 4 Ps4 Multilingua Funzionante, Prezzo: EUR 9,50, URL: https://www.ebay.it/sch/i.html?_nkw=God of war ps4&_ipg=120&_pgn=1&_sop=12
2024-06-04 17:08:16,426 - DEBUG - Titolo: lotto 5 giochi PS4 PS5 condizioni PARI AL NUOVO last of us metal gear god of war, Prezzo: EUR 39,99, URL: https://www.ebay.it/sch/i.html?_nkw=God of war ps4&_ipg=120&_pgn=1&_sop=12
2024-06-04 17:08:16,426 - DEBUG - Titolo: God of War III Remastered (Sony PlayStation 4, 2019) USATO, Prezzo: EUR 14,90, URL: https://www.ebay.it/sch/i.html?_nkw=God of war ps4&_ipg=120&_pgn=1&_sop=12
2024-06-04 17:08:16,426 - DEBUG - Titolo: GOD OF WAR PS4 USATO SANTA MONICA STUDIO SONY PLAYSTATION, Prezzo: EUR 7,00, URL: https://www.ebay.it/sch/i.html?_nkw=God of war ps4&_ipg=120&_pgn=1&_sop=12
2024-06-04 17:08:16,426 - DEBUG - Titolo: Nuova inserzioneGOD OF WAR PLAYSTATION 4 COLLECTOR'S EDITION , Prezzo: EUR 20,50, URL: https://www.ebay.it/sch/i.html?_nkw=God of war ps4&_ipg=120&_pgn=1&_sop=12
2024-06-04 17:08:16,426 - DEBUG - Titolo: GOD OF WAR PS4 PLAYSTATION 4 New, Prezzo: EUR 10,00, URL: https://www.ebay.it/sch/i.html?_nkw=God of war ps4&_ipg=120&_pgn=1&_sop=12
2024-06-04 17:08:16,427 - DEBUG - Titolo: God of War Ragnarök (Sony PlayStation 4, 2022),USATO,IN OTTIME CONDIZIONI, Prezzo: EUR 33,00, URL: https://www.ebay.it/sch/i.html?_nkw=God of war ps4&_ipg=120&_pgn=1&_sop=12
2024-06-04 17:08:16,427 - DEBUG - Titolo: God of War (Sony PlayStation 4, 2018), Prezzo: EUR 7,99, URL: https://www.ebay.it/sch/i.html?_nkw=God of war ps4&_ipg=120&_pgn=1&_sop=12
2024-06-04 17:08:16,427 - DEBUG - Titolo: God of War Hits (PlayStation 4, 2019), Prezzo: EUR 14,00, URL: https://www.ebay.it/sch/i.html?_nkw=God of war ps4&_ipg=120&_pgn=1&_sop=12
2024-06-04 17:08:16,427 - DEBUG - Titolo: GOD OF WAR PS4 VIDEOGIOCO ITALIANO SONY PLAYSTATION 4 GIOCO PAL PRIMA STAMPA, Prezzo: EUR 49,90, URL: https://www.ebay.it/sch/i.html?_nkw=God of war ps4&_ipg=120&_pgn=1&_sop=12
2024-06-04 17:08:16,427 - DEBUG - Titolo: Sony God of War III Remastered - PS Hits Rimasterizzata Inglese, ITA PlayStation, Prezzo: EUR 18,08, URL: https://www.ebay.it/sch/i.html?_nkw=God of war ps4&_ipg=120&_pgn=1&_sop=12
2024-06-04 17:08:16,427 - DEBUG - Titolo: God of War Hits (PlayStation 4, 2019), Prezzo: EUR 10,00, URL: https://www.ebay.it/sch/i.html?_nkw=God of war ps4&_ipg=120&_pgn=1&_sop=12
2024-06-04 17:08:16,427 - DEBUG - Titolo: God of War Ragnarok + God Of War PS4/PS5 - Come Nuovo  Playstation 4  Italiano, Prezzo: EUR 49,90, URL: https://www.ebay.it/sch/i.html?_nkw=God of war ps4&_ipg=120&_pgn=1&_sop=12
2024-06-04 17:08:16,427 - DEBUG - Titolo: GOD OF WAR LIMITED EDITION SOLO STEELBOOK PS4 PAL ITA TESTATO 2018 PLAYSTATION 4, Prezzo: EUR 44,90, URL: https://www.ebay.it/sch/i.html?_nkw=God of war ps4&_ipg=120&_pgn=1&_sop=12
2024-06-04 17:08:16,427 - DEBUG - Titolo: God of War PS4, Prezzo: EUR 10,00, URL: https://www.ebay.it/sch/i.html?_nkw=God of war ps4&_ipg=120&_pgn=1&_sop=12
2024-06-04 17:08:16,428 - DEBUG - Titolo: God of War PS4 con edizione limitata solo su custodia PlayStation PlayStation 4, Prezzo: EUR 17,61, URL: https://www.ebay.it/sch/i.html?_nkw=God of war ps4&_ipg=120&_pgn=1&_sop=12
2024-06-04 17:08:16,428 - DEBUG - Titolo: Nuova inserzione---SONY PLAYSTATION 4 GOD OF WAR--, Prezzo: EUR 14,99, URL: https://www.ebay.it/sch/i.html?_nkw=God of war ps4&_ipg=120&_pgn=1&_sop=12
2024-06-04 17:08:16,428 - DEBUG - Titolo: God of War 3 III Remastered PAL ita per Sony PlayStation 4 ps4 Posta1, Prezzo: EUR 19,00, URL: https://www.ebay.it/sch/i.html?_nkw=God of war ps4&_ipg=120&_pgn=1&_sop=12
2024-06-04 17:08:16,428 - DEBUG - Titolo: God of War Gioco Console Playstation 4 PS4 Console Sony PAL Multilingua, Prezzo: EUR 14,99, URL: https://www.ebay.it/sch/i.html?_nkw=God of war ps4&_ipg=120&_pgn=1&_sop=12
2024-06-04 17:08:16,428 - DEBUG - Titolo: GOD OF WAR...jeu complet...sur PS4, Prezzo: EUR 17,95, URL: https://www.ebay.it/sch/i.html?_nkw=God of war ps4&_ipg=120&_pgn=1&_sop=12
2024-06-04 17:08:16,428 - DEBUG - Titolo: GOD OF WAR PS4 gioco per Sony Playstation 4 e 5 COMPLETO ORIGINALE PAL ITA, Prezzo: EUR 14,90, URL: https://www.ebay.it/sch/i.html?_nkw=God of war ps4&_ipg=120&_pgn=1&_sop=12
2024-06-04 17:08:16,428 - DEBUG - Titolo: Videogioco PS4 | God of War: Ragnarok | Sony PlayStation 4 DISCO FISICO, Prezzo: EUR 48,90, URL: https://www.ebay.it/sch/i.html?_nkw=God of war ps4&_ipg=120&_pgn=1&_sop=12
2024-06-04 17:08:16,428 - DEBUG - Titolo: God of War (Sony PlayStation 4, 2018), Prezzo: EUR 19,99, URL: https://www.ebay.it/sch/i.html?_nkw=God of war ps4&_ipg=120&_pgn=1&_sop=12
2024-06-04 17:08:16,428 - DEBUG - Titolo: God of War Hits - Playstation 4, Prezzo: EUR 17,90, URL: https://www.ebay.it/sch/i.html?_nkw=God of war ps4&_ipg=120&_pgn=1&_sop=12
2024-06-04 17:08:16,428 - DEBUG - Titolo: God of War 3 Remastered PS4 leggere descrizione , Prezzo: EUR 21,49, URL: https://www.ebay.it/sch/i.html?_nkw=God of war ps4&_ipg=120&_pgn=1&_sop=12
2024-06-04 17:08:16,429 - DEBUG - Titolo: God of War PS4 PlayStation 4 Very Good Condition, Prezzo: EUR 15,00, URL: https://www.ebay.it/sch/i.html?_nkw=God of war ps4&_ipg=120&_pgn=1&_sop=12
2024-06-04 17:08:16,429 - DEBUG - Titolo: GOD OF WAR PS4 USATO ITALIANO COVER SPAGNOLA, Prezzo: EUR 13,00, URL: https://www.ebay.it/sch/i.html?_nkw=God of war ps4&_ipg=120&_pgn=1&_sop=12
2024-06-04 17:08:16,429 - DEBUG - Titolo: PS4 GOD OF WAR  COMPLETAMENTE IN ITALIANO PLAYSTATION 4 DISCO NUOVO, Prezzo: EUR 9,99, URL: https://www.ebay.it/sch/i.html?_nkw=God of war ps4&_ipg=120&_pgn=1&_sop=12
2024-06-04 17:08:16,429 - DEBUG - Titolo: God of War III Remastered Pal 🇮🇹 ITA (CUSA-01715/EXP) Ps4 Ps5, Prezzo: EUR 8,00, URL: https://www.ebay.it/sch/i.html?_nkw=God of war ps4&_ipg=120&_pgn=1&_sop=12
2024-06-04 17:08:16,429 - DEBUG - Titolo: PS4 GOD OF WAR COLLECTOR'S EDITION ITALIANO PLAYSTATION 4 PAL MULTI, Prezzo: EUR 249,99, URL: https://www.ebay.it/sch/i.html?_nkw=God of war ps4&_ipg=120&_pgn=1&_sop=12
2024-06-04 17:08:16,429 - DEBUG - Titolo: God of War Prima Stampa Sony Ps4 Pal Ita Usato, Prezzo: EUR 10,00, URL: https://www.ebay.it/sch/i.html?_nkw=God of war ps4&_ipg=120&_pgn=1&_sop=12
2024-06-04 17:08:16,429 - DEBUG - Titolo: GOD OF WAR III REMASTERED SONY PS4 GIOCO COMPLETO PERFETTAMENTE FUNZIONANTE PAL, Prezzo: EUR 19,90, URL: https://www.ebay.it/sch/i.html?_nkw=God of war ps4&_ipg=120&_pgn=1&_sop=12
2024-06-04 17:08:16,429 - DEBUG - Titolo: GOD OF WAR III REMASTERED PS4 PAL ITA USATO OTTIME CONDIZIONI, Prezzo: EUR 10,00, URL: https://www.ebay.it/sch/i.html?_nkw=God of war ps4&_ipg=120&_pgn=1&_sop=12
2024-06-04 17:08:16,429 - DEBUG - Titolo: Nuova inserzioneGOD OF WAR PLAYSTATION 4 COLLECTOR'S EDITION , Prezzo: EUR 229,99, URL: https://www.ebay.it/sch/i.html?_nkw=God of war ps4&_ipg=120&_pgn=1&_sop=12
2024-06-04 17:08:16,429 - DEBUG - Titolo: God of War (USATO) - PS4 (RESTART), Prezzo: EUR 11,99, URL: https://www.ebay.it/sch/i.html?_nkw=God of war ps4&_ipg=120&_pgn=1&_sop=12
2024-06-04 17:08:16,429 - DEBUG - Titolo: God of War per Playstation 4 PS4 ITA – Pari al nuovo - Playstation Hits, Prezzo: EUR 15,00, URL: https://www.ebay.it/sch/i.html?_nkw=God of war ps4&_ipg=120&_pgn=1&_sop=12
2024-06-04 17:08:16,430 - DEBUG - Titolo: God of War Sony Playstation 4 PS4 usato in IMBALLO ORIGINALE, Prezzo: EUR 10,99, URL: https://www.ebay.it/sch/i.html?_nkw=God of war ps4&_ipg=120&_pgn=1&_sop=12
2024-06-04 17:08:16,430 - DEBUG - Titolo: Gioco PS 4 God of War III Remastered (Sony PlayStation 4, 2019), Prezzo: EUR 15,00, URL: https://www.ebay.it/sch/i.html?_nkw=God of war ps4&_ipg=120&_pgn=1&_sop=12
2024-06-04 17:08:16,430 - DEBUG - Titolo: God of War Hits (PlayStation 4, 2018), Prezzo: EUR 10,00, URL: https://www.ebay.it/sch/i.html?_nkw=God of war ps4&_ipg=120&_pgn=1&_sop=12
2024-06-04 17:08:16,430 - DEBUG - Titolo: GOD OF WAR - PS4 PLAYSTATION 4 AZIONE AVVENTURA KRATOS HITS ITALIANO BUONO STATO, Prezzo: EUR 9,99, URL: https://www.ebay.it/sch/i.html?_nkw=God of war ps4&_ipg=120&_pgn=1&_sop=12
2024-06-04 17:08:16,430 - DEBUG - Titolo: GOD OF WAR LIMITED EDITION STEELBOOK PS4 COME NUOVO ITA, Prezzo: EUR 75,00, URL: https://www.ebay.it/sch/i.html?_nkw=God of war ps4&_ipg=120&_pgn=1&_sop=12
2024-06-04 17:08:16,430 - DEBUG - Titolo: GOD OF WAR RAGNAROCK PS4 gioco ITALIANO per Sony Playstation 4, Prezzo: EUR 44,90, URL: https://www.ebay.it/sch/i.html?_nkw=God of war ps4&_ipg=120&_pgn=1&_sop=12
2024-06-04 17:08:16,430 - DEBUG - Titolo: God of War 3 HD Remastered - Playstation Hits PS4 NUOVO ITA, Prezzo: EUR 9,99, URL: https://www.ebay.it/sch/i.html?_nkw=God of war ps4&_ipg=120&_pgn=1&_sop=12
2024-06-04 17:08:16,430 - DEBUG - Titolo: GOD OF WAR - Gioco per PLAYSTATION 4 PS4 PAL ITALIANO - PRIMA EDIZIONE, Prezzo: EUR 11,90, URL: https://www.ebay.it/sch/i.html?_nkw=God of war ps4&_ipg=120&_pgn=1&_sop=12
2024-06-04 17:08:16,430 - DEBUG - Titolo: God of War (PS4, 2018) nuovo e sigillato, Prezzo: EUR 46,99, URL: https://www.ebay.it/sch/i.html?_nkw=God of war ps4&_ipg=120&_pgn=1&_sop=12
2024-06-04 17:08:16,431 - DEBUG - Titolo: GOD OF WAR PROMO PROMOTIONAL DISC + STEELBOOK PS4 PLAYSTATION 4 RARE , Prezzo: EUR 149,99, URL: https://www.ebay.it/sch/i.html?_nkw=God of war ps4&_ipg=120&_pgn=1&_sop=12
2024-06-04 17:08:16,431 - DEBUG - Titolo: Lotto 4 Giochi PS2 PlayStation 2 God Of War Ratchet E Clank Final Fantasy X ITA, Prezzo: EUR 22,00, URL: https://www.ebay.it/sch/i.html?_nkw=God of war ps4&_ipg=120&_pgn=1&_sop=12
2024-06-04 17:08:16,431 - DEBUG - Titolo: Nuova inserzioneGIOCO GOD OF WAR PS4 Playstation 4 ottime condizioni.  PAL completamente testato, Prezzo: EUR 10,45, URL: https://www.ebay.it/sch/i.html?_nkw=God of war ps4&_ipg=120&_pgn=1&_sop=12
2024-06-04 17:08:16,431 - DEBUG - Titolo: God of War - Playstation Hits PS4 NUOVO ITA, Prezzo: EUR 9,99, URL: https://www.ebay.it/sch/i.html?_nkw=God of war ps4&_ipg=120&_pgn=1&_sop=12
2024-06-04 17:08:16,431 - DEBUG - Titolo: SONY ENTERTAINMENT 9963905 GIOCO PS4 GOD OF WAR HITS, Prezzo: EUR 18,85, URL: https://www.ebay.it/sch/i.html?_nkw=God of war ps4&_ipg=120&_pgn=1&_sop=12
2024-06-04 17:08:16,431 - DEBUG - Titolo: GOD OF WAR RAGNAROK PS4 ITA gioco SONY PLAYSTATION 4 COMPLETO compatibile PS5, Prezzo: EUR 42,90, URL: https://www.ebay.it/sch/i.html?_nkw=God of war ps4&_ipg=120&_pgn=1&_sop=12
2024-06-04 17:08:16,431 - DEBUG - Titolo: Nuova inserzioneGod of War PS4 PlayStation Hits, Prezzo: EUR 1,16, URL: https://www.ebay.it/sch/i.html?_nkw=God of war ps4&_ipg=120&_pgn=1&_sop=12
2024-06-04 17:08:16,431 - DEBUG - Titolo: GOD OF WAR PS4 PAL ESPAÑA NUEVO PRECINTADO CASTELLANO ESPAÑOL FISICO PLAYSTATION, Prezzo: EUR 18,90, URL: https://www.ebay.it/sch/i.html?_nkw=God of war ps4&_ipg=120&_pgn=1&_sop=12
2024-06-04 17:08:16,431 - DEBUG - Titolo: God of War PS4 Inc spedizione/spedizione gratuita veloce, Prezzo: EUR 10,52, URL: https://www.ebay.it/sch/i.html?_nkw=God of war ps4&_ipg=120&_pgn=1&_sop=12
2024-06-04 17:08:16,431 - DEBUG - Titolo: GOD OF WAR GIOCO PLAYSTATION 4 PS4 VIDEOGIOCO PAL CON ITALIANO PRIMA STAMPA, Prezzo: EUR 15,49, URL: https://www.ebay.it/sch/i.html?_nkw=God of war ps4&_ipg=120&_pgn=1&_sop=12
2024-06-04 17:08:16,432 - DEBUG - Titolo: God of War 3 III Remastered PlayStation 4 ps4, Prezzo: EUR 15,80, URL: https://www.ebay.it/sch/i.html?_nkw=God of war ps4&_ipg=120&_pgn=1&_sop=12
2024-06-04 17:08:16,432 - DEBUG - Titolo: GOD OF WAR BONUS EDITION - PS4 - PAL IT - NUOVO, Prezzo: EUR 19,45, URL: https://www.ebay.it/sch/i.html?_nkw=God of war ps4&_ipg=120&_pgn=1&_sop=12
2024-06-04 17:08:16,432 - DEBUG - Titolo: Nuova inserzioneNUOVO E SIGILLATO (GOD OF WAR - RAGNAROK) BRILLANTE GIOCO PS4, Prezzo: EUR 30,54, URL: https://www.ebay.it/sch/i.html?_nkw=God of war ps4&_ipg=120&_pgn=1&_sop=12
2024-06-04 17:08:16,432 - DEBUG - Titolo: GOD OF WAR - PS4 - Neuf sous blister, Prezzo: EUR 22,00, URL: https://www.ebay.it/sch/i.html?_nkw=God of war ps4&_ipg=120&_pgn=1&_sop=12
2024-06-04 17:08:16,432 - DEBUG - Titolo: GOD OF WAR PS4 USATO GARANTITO OTTIME CONDIZIONI, Prezzo: EUR 15,00, URL: https://www.ebay.it/sch/i.html?_nkw=God of war ps4&_ipg=120&_pgn=1&_sop=12
2024-06-04 17:08:16,432 - DEBUG - Titolo: GOD OF WAR  ED. BUNDLE  PS4 USATO, Prezzo: EUR 10,99, URL: https://www.ebay.it/sch/i.html?_nkw=God of war ps4&_ipg=120&_pgn=1&_sop=12
2024-06-04 17:08:16,432 - DEBUG - Titolo: God of War 3 (III) Remastered Complet sur Playstation 4 PS4 !!!!, Prezzo: EUR 14,99, URL: https://www.ebay.it/sch/i.html?_nkw=God of war ps4&_ipg=120&_pgn=1&_sop=12
2024-06-04 17:08:16,432 - DEBUG - Titolo: *HH* Videogioco Ps4 Playstation 4 Gioco Game Videogame God Of War ITA , Prezzo: EUR 9,90, URL: https://www.ebay.it/sch/i.html?_nkw=God of war ps4&_ipg=120&_pgn=1&_sop=12
2024-06-04 17:08:16,432 - DEBUG - Titolo: God of War PlayStation Hits - Manuale incluso (PS4) [9072, 9475, 2390], Prezzo: EUR 10,51, URL: https://www.ebay.it/sch/i.html?_nkw=God of war ps4&_ipg=120&_pgn=1&_sop=12
2024-06-04 17:08:16,432 - DEBUG - Titolo: God Of War Ragnarok PS4 PlayStation 4 Videogioco Sony 2022 PAL EU, Prezzo: EUR 40,00, URL: https://www.ebay.it/sch/i.html?_nkw=God of war ps4&_ipg=120&_pgn=1&_sop=12
2024-06-04 17:08:16,432 - DEBUG - Titolo: God Of War Ps4 Playstation 4 Pal Ita Prima Stampa, Prezzo: EUR 14,90, URL: https://www.ebay.it/sch/i.html?_nkw=God of war ps4&_ipg=120&_pgn=1&_sop=12
2024-06-04 17:08:16,433 - DEBUG - Titolo: GOD OF WAR COLLECTOR'S EDITION - SONY PS4 - NUOVO SIGILLATO PAL NEW SEALED, Prezzo: EUR 449,90, URL: https://www.ebay.it/sch/i.html?_nkw=God of war ps4&_ipg=120&_pgn=1&_sop=12
2024-06-04 17:08:16,433 - DEBUG - Titolo: God of War: Ragnarok PS4 NUOVO SIGILLATO ITA + Laccetto OMAGGIO, Prezzo: EUR 39,99, URL: https://www.ebay.it/sch/i.html?_nkw=God of war ps4&_ipg=120&_pgn=1&_sop=12
2024-06-04 17:08:16,433 - DEBUG - Titolo: PS4 GOD OF WAR RAGNAROK  PLAYSTATION 4 PAL ITALIANO GIOCO NUOVO PAL ITALIANO, Prezzo: EUR 50,99, URL: https://www.ebay.it/sch/i.html?_nkw=God of war ps4&_ipg=120&_pgn=1&_sop=12
2024-06-04 17:08:16,433 - DEBUG - Titolo: God of War Ragnarök | Ps4, Prezzo: EUR 36,86, URL: https://www.ebay.it/sch/i.html?_nkw=God of war ps4&_ipg=120&_pgn=1&_sop=12
2024-06-04 17:08:16,433 - DEBUG - Titolo: God of War - PS4 PlayStation 4 Usato, Prezzo: EUR 14,32, URL: https://www.ebay.it/sch/i.html?_nkw=God of war ps4&_ipg=120&_pgn=1&_sop=12
2024-06-04 17:08:16,433 - DEBUG - Titolo: PS4 : GOD OF WAR LIMITED STEELBOOK EDITION - ITALIANO ! PLAYSTATION 4 PS5, Prezzo: EUR 44,90, URL: https://www.ebay.it/sch/i.html?_nkw=God of war ps4&_ipg=120&_pgn=1&_sop=12
2024-06-04 17:08:16,433 - DEBUG - Titolo: GOD OF WAR, BONUS EDITION  , PS4, USATO, Prezzo: EUR 49,90, URL: https://www.ebay.it/sch/i.html?_nkw=God of war ps4&_ipg=120&_pgn=1&_sop=12
2024-06-04 17:08:16,433 - DEBUG - Titolo: GOD OF WAR PS4 ITA , Prezzo: EUR 15,00, URL: https://www.ebay.it/sch/i.html?_nkw=God of war ps4&_ipg=120&_pgn=1&_sop=12
2024-06-04 17:08:16,433 - DEBUG - Titolo: God of War (Sony PlayStation 4, 2018), Prezzo: EUR 16,99, URL: https://www.ebay.it/sch/i.html?_nkw=God of war ps4&_ipg=120&_pgn=1&_sop=12
2024-06-04 17:08:16,433 - DEBUG - Titolo: God Of War PS4 PAL ITA Edizione PlayStation Hits Per PlayStation 4 Come Nuovo , Prezzo: EUR 15,00, URL: https://www.ebay.it/sch/i.html?_nkw=God of war ps4&_ipg=120&_pgn=1&_sop=12
2024-06-04 17:08:16,434 - DEBUG - Titolo: God of War, PlayStation Hits, Sony Playstation 4, PS4 Japan Market, new sealed !, Prezzo: EUR 46,90, URL: https://www.ebay.it/sch/i.html?_nkw=God of war ps4&_ipg=120&_pgn=1&_sop=12
2024-06-04 17:08:16,434 - DEBUG - Titolo: God of War PlayStation 4 PS4 gioco Italiano ITA come nuovo Videogioco Videogames, Prezzo: EUR 19,90, URL: https://www.ebay.it/sch/i.html?_nkw=God of war ps4&_ipg=120&_pgn=1&_sop=12
2024-06-04 17:08:16,434 - DEBUG - Titolo: GOD of WAR_PS4_LEGGERE DESCRIZIONE , Prezzo: EUR 15,50, URL: https://www.ebay.it/sch/i.html?_nkw=God of war ps4&_ipg=120&_pgn=1&_sop=12
2024-06-04 17:08:16,434 - DEBUG - Titolo: gioco ps4 usato, Prezzo: EUR 7,00, URL: https://www.ebay.it/sch/i.html?_nkw=God of war ps4&_ipg=120&_pgn=1&_sop=12
2024-06-04 17:08:16,434 - DEBUG - Titolo: videogioco ps4 GOD OF WAR PlayStation 4 ITA, Prezzo: EUR 12,99, URL: https://www.ebay.it/sch/i.html?_nkw=God of war ps4&_ipg=120&_pgn=1&_sop=12
2024-06-04 17:08:16,434 - DEBUG - Titolo: God of War PS4 USATO, Prezzo: EUR 10,00, URL: https://www.ebay.it/sch/i.html?_nkw=God of war ps4&_ipg=120&_pgn=1&_sop=12
2024-06-04 17:08:16,434 - DEBUG - Titolo: GOD OF WAR III REMASTERED PS4 PAL ITA NUOVO SIGILLATO PRIMA STAMPA, Prezzo: EUR 45,00, URL: https://www.ebay.it/sch/i.html?_nkw=God of war ps4&_ipg=120&_pgn=1&_sop=12
2024-06-04 17:08:16,434 - DEBUG - Titolo: God of War Hits (PlayStation 4, 2019) Nuovo Ancora Incelofanato, Prezzo: EUR 13,00, URL: https://www.ebay.it/sch/i.html?_nkw=God of war ps4&_ipg=120&_pgn=1&_sop=12
2024-06-04 17:08:16,434 - DEBUG - Titolo: GOD OF WAR PS4 Sony Playstation 4 PAL ITA, Prezzo: EUR 20,00, URL: https://www.ebay.it/sch/i.html?_nkw=God of war ps4&_ipg=120&_pgn=1&_sop=12
2024-06-04 17:08:16,434 - DEBUG - Titolo: GOD OF WAR - PS4 PLAYSTATION 4 ITALIANO NUOVO E SIGILLATO, Prezzo: EUR 15,99, URL: https://www.ebay.it/sch/i.html?_nkw=God of war ps4&_ipg=120&_pgn=1&_sop=12
2024-06-04 17:08:16,434 - DEBUG - Titolo: Gioco god of War Ragnarök ITA (Sony PlayStation 4, 2022) ps4, Prezzo: EUR 34,90, URL: https://www.ebay.it/sch/i.html?_nkw=God of war ps4&_ipg=120&_pgn=1&_sop=12
2024-06-04 17:08:16,435 - DEBUG - Titolo: GOD OF WAR III REMASTERED PER PLAYSTATION 4  PS4 PRODOTTO ITALIANO USATO SICURO, Prezzo: EUR 10,96, URL: https://www.ebay.it/sch/i.html?_nkw=God of war ps4&_ipg=120&_pgn=1&_sop=12
2024-06-04 17:08:16,435 - DEBUG - Titolo: GOD OF WAR PLAYSTATION HITS PS4, Prezzo: EUR 17,30, URL: https://www.ebay.it/sch/i.html?_nkw=God of war ps4&_ipg=120&_pgn=1&_sop=12
2024-06-04 17:08:16,435 - DEBUG - Titolo: God of War Collector's Edition (Sony PlayStation 4), Prezzo: EUR 264,40, URL: https://www.ebay.it/sch/i.html?_nkw=God of war ps4&_ipg=120&_pgn=1&_sop=12
2024-06-04 17:08:16,435 - DEBUG - Titolo: God of War: Ragnarök Trofeo di platino Ps4/Ps5 (LEGGERE LA DESCRIZIONE), Prezzo: EUR 40,00, URL: https://www.ebay.it/sch/i.html?_nkw=God of war ps4&_ipg=120&_pgn=1&_sop=12
2024-06-04 17:08:16,435 - DEBUG - Titolo: GOD OF WAR PS4 GIOCO ITALIANO CONSEGNA 24/48H CON CORRIERE, Prezzo: EUR 12,90, URL: https://www.ebay.it/sch/i.html?_nkw=God of war ps4&_ipg=120&_pgn=1&_sop=12
2024-06-04 17:08:16,435 - DEBUG - Titolo: GOD OF WAR  (HITS) (Italiano) [PS4] Negozio GameIsland, Prezzo: EUR 20,00, URL: https://www.ebay.it/sch/i.html?_nkw=God of war ps4&_ipg=120&_pgn=1&_sop=12
2024-06-04 17:08:16,435 - DEBUG - Titolo: PS4 PS5 | God of War | Limited Collectors Edition | stato da collezione, come nuovo CIB, Prezzo: EUR 69,90, URL: https://www.ebay.it/sch/i.html?_nkw=God of war ps4&_ipg=120&_pgn=1&_sop=12
2024-06-04 17:08:16,435 - DEBUG - Titolo: Ps4 : God Of War - Playstation Hits - PAL / FR. Complet., Prezzo: EUR 13,00, URL: https://www.ebay.it/sch/i.html?_nkw=God of war ps4&_ipg=120&_pgn=1&_sop=12
2024-06-04 17:08:16,435 - DEBUG - Titolo: GOD OF WAR III (3) REMASTERED - PS4 PLAYSTATION 4, Prezzo: EUR 10,00, URL: https://www.ebay.it/sch/i.html?_nkw=God of war ps4&_ipg=120&_pgn=1&_sop=12
2024-06-04 17:08:16,435 - DEBUG - Titolo: 6x Collectors Ultimate Limited Special Edition PS4PS5 giochi Uncharted God of War, Prezzo: EUR 287,84, URL: https://www.ebay.it/sch/i.html?_nkw=God of war ps4&_ipg=120&_pgn=1&_sop=12
2024-06-04 17:08:16,436 - DEBUG - Titolo: God of War 3 Remastered (Sony Playstation 4, 2015), usato, Prezzo: EUR 14,99, URL: https://www.ebay.it/sch/i.html?_nkw=God of war ps4&_ipg=120&_pgn=1&_sop=12
2024-06-04 17:08:16,436 - DEBUG - Titolo: GOD OF WAR PS4 ITALIANO NUOVO Edizione Italiana Playstation 4 Hits, Prezzo: EUR 20,99, URL: https://www.ebay.it/sch/i.html?_nkw=God of war ps4&_ipg=120&_pgn=1&_sop=12
2024-06-04 17:08:16,436 - DEBUG - Titolo: God of War (hits PlayStation) - PS4 - PlayStation 4 - nuovo e sigillato, Prezzo: EUR 20,79, URL: https://www.ebay.it/sch/i.html?_nkw=God of war ps4&_ipg=120&_pgn=1&_sop=12
2024-06-04 17:08:16,436 - DEBUG - Titolo: God of War PS4 USATO ITA, Prezzo: EUR 17,99, URL: https://www.ebay.it/sch/i.html?_nkw=God of war ps4&_ipg=120&_pgn=1&_sop=12
2024-06-04 17:08:16,436 - DEBUG - Titolo: GOD OF WAR PLAYSTATION 4 COME NUOVO, Prezzo: EUR 13,00, URL: https://www.ebay.it/sch/i.html?_nkw=God of war ps4&_ipg=120&_pgn=1&_sop=12
2024-06-04 17:08:16,436 - DEBUG - Titolo: GOD OF WAR SONY PLAYSTATION 4 HITS PS4 NUOVO/SIGILLATO , Prezzo: EUR 14,90, URL: https://www.ebay.it/sch/i.html?_nkw=God of war ps4&_ipg=120&_pgn=1&_sop=12
2024-06-04 17:08:16,436 - DEBUG - Titolo: GOD OF WAR III (3) REMASTERED - PS4 PLAYSTATION 4, Prezzo: EUR 25,00, URL: https://www.ebay.it/sch/i.html?_nkw=God of war ps4&_ipg=120&_pgn=1&_sop=12
2024-06-04 17:08:16,436 - DEBUG - Titolo: God of War PS4, Prezzo: EUR 14,99, URL: https://www.ebay.it/sch/i.html?_nkw=God of war ps4&_ipg=120&_pgn=1&_sop=12
2024-06-04 17:08:16,436 - DEBUG - Titolo: God Of War (prima stampa) Ita PS4 USATO GARANTITO, Prezzo: EUR 24,99, URL: https://www.ebay.it/sch/i.html?_nkw=God of war ps4&_ipg=120&_pgn=1&_sop=12
2024-06-04 17:08:16,436 - DEBUG - Titolo: GOD OF WAR 3 REMASTERED per PS4 NUOVO SIGILLATO  in ITALIANO PRIMA EDIZIONE!, Prezzo: EUR 59,90, URL: https://www.ebay.it/sch/i.html?_nkw=God of war ps4&_ipg=120&_pgn=1&_sop=12
2024-06-04 17:08:16,436 - DEBUG - Titolo: God of War Art Ps5 PlayStation, Prezzo: EUR 119,00, URL: https://www.ebay.it/sch/i.html?_nkw=God of war ps4&_ipg=120&_pgn=1&_sop=12
2024-06-04 17:08:16,437 - DEBUG - Titolo: 711719963905 God of War (Playstation Hits)  Sony PlayStation 4 Nuovo Gioco in It, Prezzo: EUR 19,99, URL: https://www.ebay.it/sch/i.html?_nkw=God of war ps4&_ipg=120&_pgn=1&_sop=12
2024-06-04 17:08:26,957 - DEBUG - Starting new HTTPS connection (1): www.ebay.it:443
2024-06-04 17:08:27,442 - DEBUG - https://www.ebay.it:443 "GET /sch/i.html?_nkw=God%20of%20war%20ragnarok%20ps4&_ipg=120&_pgn=1&_sop=12 HTTP/1.1" 200 None
2024-06-04 17:08:28,778 - DEBUG - Titolo: God of War: Ragnarok PS4, Prezzo: EUR 56,99, URL: https://www.ebay.it/sch/i.html?_nkw=God of war ragnarok ps4&_ipg=120&_pgn=1&_sop=12
2024-06-04 17:08:28,778 - DEBUG - Titolo: God of War Ragnarok + God Of War PS4/PS5 - Come Nuovo  Playstation 4  Italiano, Prezzo: EUR 49,90, URL: https://www.ebay.it/sch/i.html?_nkw=God of war ragnarok ps4&_ipg=120&_pgn=1&_sop=12
2024-06-04 17:08:28,778 - DEBUG - Titolo: GOD OF WAR RAGNAROK PS4 ITA gioco SONY PLAYSTATION 4 COMPLETO compatibile PS5, Prezzo: EUR 42,90, URL: https://www.ebay.it/sch/i.html?_nkw=God of war ragnarok ps4&_ipg=120&_pgn=1&_sop=12
2024-06-04 17:08:28,778 - DEBUG - Titolo: Videogioco PS4 | God of War: Ragnarok | Sony PlayStation 4 DISCO FISICO, Prezzo: EUR 48,90, URL: https://www.ebay.it/sch/i.html?_nkw=God of war ragnarok ps4&_ipg=120&_pgn=1&_sop=12
2024-06-04 17:08:28,778 - DEBUG - Titolo: God of War: Ragnarok, Prezzo: EUR 39,99, URL: https://www.ebay.it/sch/i.html?_nkw=God of war ragnarok ps4&_ipg=120&_pgn=1&_sop=12
2024-06-04 17:08:28,779 - DEBUG - Titolo: PS4 GOD OF WAR RAGNAROK  PLAYSTATION 4 PAL ITALIANO GIOCO NUOVO PAL ITALIANO, Prezzo: EUR 50,99, URL: https://www.ebay.it/sch/i.html?_nkw=God of war ragnarok ps4&_ipg=120&_pgn=1&_sop=12
2024-06-04 17:08:28,779 - DEBUG - Titolo: God Of War Ragnarok PS4 PlayStation 4 Videogioco Sony 2022 PAL EU, Prezzo: EUR 40,00, URL: https://www.ebay.it/sch/i.html?_nkw=God of war ragnarok ps4&_ipg=120&_pgn=1&_sop=12
2024-06-04 17:08:28,779 - DEBUG - Titolo: Nuova inserzioneNUOVO E SIGILLATO (GOD OF WAR - RAGNAROK) BRILLANTE GIOCO PS4, Prezzo: EUR 30,54, URL: https://www.ebay.it/sch/i.html?_nkw=God of war ragnarok ps4&_ipg=120&_pgn=1&_sop=12
2024-06-04 17:08:28,779 - DEBUG - Titolo: God of War: Ragnarok PS4 NUOVO SIGILLATO ITA + Laccetto OMAGGIO, Prezzo: EUR 39,99, URL: https://www.ebay.it/sch/i.html?_nkw=God of war ragnarok ps4&_ipg=120&_pgn=1&_sop=12
2024-06-04 17:08:28,779 - DEBUG - Titolo: GOD OF WAR RAGNAROK PS4 VIDEOGIOCO PLAYSTATION 4 ITALIANO EU NUOVO UPGRADE PS5, Prezzo: EUR 49,90, URL: https://www.ebay.it/sch/i.html?_nkw=God of war ragnarok ps4&_ipg=120&_pgn=1&_sop=12
2024-06-04 17:08:28,779 - DEBUG - Titolo: Steelbook God of War Ragnarok Collectors Edition G2 Nuovo, Prezzo: EUR 60,00, URL: https://www.ebay.it/sch/i.html?_nkw=God of war ragnarok ps4&_ipg=120&_pgn=1&_sop=12
2024-06-04 17:08:28,779 - DEBUG - Titolo: God Of War Ragnarok Cover Custom Ps1 - Numero 1 di 10, Prezzo: EUR 24,99, URL: https://www.ebay.it/sch/i.html?_nkw=God of war ragnarok ps4&_ipg=120&_pgn=1&_sop=12
2024-06-04 17:08:28,779 - DEBUG - Titolo: God of War Ragnarok Collector's Edition Sony PS4 & PS5, Prezzo: EUR 250,00, URL: https://www.ebay.it/sch/i.html?_nkw=God of war ragnarok ps4&_ipg=120&_pgn=1&_sop=12
2024-06-04 17:08:28,779 - DEBUG - Titolo: GOD OF WAR RAGNAROK PS5 FR NEW, Prezzo: EUR 76,99, URL: https://www.ebay.it/sch/i.html?_nkw=God of war ragnarok ps4&_ipg=120&_pgn=1&_sop=12
2024-06-04 17:08:28,780 - DEBUG - Titolo: God of War Ragnarök (Sony PlayStation 5, 2022), Prezzo: EUR 36,42, URL: https://www.ebay.it/sch/i.html?_nkw=God of war ragnarok ps4&_ipg=120&_pgn=1&_sop=12
2024-06-04 17:08:28,780 - DEBUG - Titolo: God of War Ragnarok en Excellent état sur Playstation 4 PS4 !!!!, Prezzo: EUR 38,99, URL: https://www.ebay.it/sch/i.html?_nkw=God of war ragnarok ps4&_ipg=120&_pgn=1&_sop=12
2024-06-04 17:08:28,780 - DEBUG - Titolo: God of War Ragnarok PS4 / Jeu Sur Playstation 4, Prezzo: EUR 33,99, URL: https://www.ebay.it/sch/i.html?_nkw=God of war ragnarok ps4&_ipg=120&_pgn=1&_sop=12
2024-06-04 17:08:28,780 - DEBUG - Titolo: PS4 GOD OF WAR RAGNAROK COMPLETAMENTE IN ITALIANO PLAYSTATION 4 NUOVO SIGILLATO , Prezzo: EUR 49,99, URL: https://www.ebay.it/sch/i.html?_nkw=God of war ragnarok ps4&_ipg=120&_pgn=1&_sop=12
2024-06-04 17:08:28,780 - DEBUG - Titolo: God of War Ragnarok (Sony PlayStation 4, 2022), Prezzo: EUR 32,90, URL: https://www.ebay.it/sch/i.html?_nkw=God of war ragnarok ps4&_ipg=120&_pgn=1&_sop=12
2024-06-04 17:08:28,780 - DEBUG - Titolo: Nuova inserzionePlayStation PS5 God of War Ragnarok, Prezzo: EUR 35,19, URL: https://www.ebay.it/sch/i.html?_nkw=God of war ragnarok ps4&_ipg=120&_pgn=1&_sop=12
2024-06-04 17:08:28,780 - DEBUG - Titolo: God of War: Ragnarok (USATO) - PS4 (RESTART), Prezzo: EUR 39,99, URL: https://www.ebay.it/sch/i.html?_nkw=God of war ragnarok ps4&_ipg=120&_pgn=1&_sop=12
2024-06-04 17:08:28,780 - DEBUG - Titolo: God of War Ragnarok - PS4 - Jeu Fr, Prezzo: EUR 36,90, URL: https://www.ebay.it/sch/i.html?_nkw=God of war ragnarok ps4&_ipg=120&_pgn=1&_sop=12
2024-06-04 17:08:28,780 - DEBUG - Titolo: Super Bomberman R (codice in scatola) - Nintendo Switch nuovo e sigillato , Prezzo: EUR 39,94, URL: https://www.ebay.it/sch/i.html?_nkw=God of war ragnarok ps4&_ipg=120&_pgn=1&_sop=12
2024-06-04 17:08:28,780 - DEBUG - Titolo: Nuova inserzioneGod of War Ragnarok - PS5 2022, Prezzo: EUR 23,49, URL: https://www.ebay.it/sch/i.html?_nkw=God of war ragnarok ps4&_ipg=120&_pgn=1&_sop=12
2024-06-04 17:08:28,781 - DEBUG - Titolo: targhetta gioco god of war ragnarok edizione da collezione rarissima! introvabil, Prezzo: EUR 13,25, URL: https://www.ebay.it/sch/i.html?_nkw=God of war ragnarok ps4&_ipg=120&_pgn=1&_sop=12
2024-06-04 17:08:28,781 - DEBUG - Titolo: Nuova inserzioneGod of War Ragnarok Playstation 4 (PS4) - Nuovo e sigillato - Consegna gratuita ✅️, Prezzo: EUR 50,52, URL: https://www.ebay.it/sch/i.html?_nkw=God of war ragnarok ps4&_ipg=120&_pgn=1&_sop=12
2024-06-04 17:08:28,781 - DEBUG - Titolo: PS4:God Of War Ragnarok PlayStation4 amico/Spagna/2 dischi, Prezzo: EUR 30,00, URL: https://www.ebay.it/sch/i.html?_nkw=God of war ragnarok ps4&_ipg=120&_pgn=1&_sop=12
2024-06-04 17:08:28,781 - DEBUG - Titolo: 711719407799 God of War: Ragnarok Sony PlayStation 4 Nuovo Gioco in Italiano, Prezzo: EUR 49,99, URL: https://www.ebay.it/sch/i.html?_nkw=God of war ragnarok ps4&_ipg=120&_pgn=1&_sop=12
2024-06-04 17:08:28,781 - DEBUG - Titolo: God of War Ragnarok (Sony PlayStation 4, 2022), Prezzo: EUR 37,60, URL: https://www.ebay.it/sch/i.html?_nkw=God of war ragnarok ps4&_ipg=120&_pgn=1&_sop=12
2024-06-04 17:08:28,781 - DEBUG - Titolo: God of War PS4 Press Kit - God of War Press Kit supporti rari - NUOVO, Prezzo: EUR 52,88, URL: https://www.ebay.it/sch/i.html?_nkw=God of war ragnarok ps4&_ipg=120&_pgn=1&_sop=12
2024-06-04 17:08:28,781 - DEBUG - Titolo: GOD OF WAR RAGNAROK PS4 / PS5 NUOVO SIGILLATO Edizione Italiana Gioco Italiano, Prezzo: EUR 39,99, URL: https://www.ebay.it/sch/i.html?_nkw=God of war ragnarok ps4&_ipg=120&_pgn=1&_sop=12
2024-06-04 17:08:28,781 - DEBUG - Titolo: GOD OF WAR: RAGNAROK PS4, Prezzo: EUR 48,80, URL: https://www.ebay.it/sch/i.html?_nkw=God of war ragnarok ps4&_ipg=120&_pgn=1&_sop=12
2024-06-04 17:08:28,781 - DEBUG - Titolo: 💎God Of War Ragnarok Gadget💎, Prezzo: EUR 19,98, URL: https://www.ebay.it/sch/i.html?_nkw=God of war ragnarok ps4&_ipg=120&_pgn=1&_sop=12
2024-06-04 17:08:28,781 - DEBUG - Titolo: Nuova inserzioneGOD OF WAR RAGNAROK P4 IN PERFETTE CONDIZIONI, Prezzo: EUR 58,74, URL: https://www.ebay.it/sch/i.html?_nkw=God of war ragnarok ps4&_ipg=120&_pgn=1&_sop=12
2024-06-04 17:08:28,782 - DEBUG - Titolo: GOD OF WAR RAGNAROK PS4 VIDEOGIOCO PLAYSTATION 4 ITALIANO EU NUOVO UPGRADE PS5, Prezzo: EUR 48,90, URL: https://www.ebay.it/sch/i.html?_nkw=God of war ragnarok ps4&_ipg=120&_pgn=1&_sop=12
2024-06-04 17:08:28,782 - DEBUG - Titolo: Nuova inserzioneGod of War Ragnarok - PS5 (2022), Prezzo: EUR 11,75, URL: https://www.ebay.it/sch/i.html?_nkw=God of war ragnarok ps4&_ipg=120&_pgn=1&_sop=12
2024-06-04 17:08:28,782 - DEBUG - Titolo: Sony God Of War Ragnarok Standard Ita per PlayStation 4, Prezzo: EUR 66,59, URL: https://www.ebay.it/sch/i.html?_nkw=God of war ragnarok ps4&_ipg=120&_pgn=1&_sop=12
2024-06-04 17:08:28,782 - DEBUG - Titolo: GOD OF WAR RAGNAROK COLLECTOR'S EDITION PS4/PS5 NEW SEALED ITA, Prezzo: EUR 299,90, URL: https://www.ebay.it/sch/i.html?_nkw=God of war ragnarok ps4&_ipg=120&_pgn=1&_sop=12
2024-06-04 17:08:28,782 - DEBUG - Titolo: GOD OF WAR RAGNAROK PS4 EURO NEW (EN/FR/ES/DE/IT/PT), Prezzo: EUR 76,99, URL: https://www.ebay.it/sch/i.html?_nkw=God of war ragnarok ps4&_ipg=120&_pgn=1&_sop=12
2024-06-04 17:08:28,782 - DEBUG - Titolo: 711719407294 God of War: Ragnarok Sony PlayStation 4 Nuovo Gioco in Italiano, Prezzo: EUR 60,00, URL: https://www.ebay.it/sch/i.html?_nkw=God of war ragnarok ps4&_ipg=120&_pgn=1&_sop=12
2024-06-04 17:08:28,782 - DEBUG - Titolo: Nuova inserzioneGod of War Ragnarok PS5 solo custodia slip cover gioco - nessun gioco - da collezione, Prezzo: EUR 10,28, URL: https://www.ebay.it/sch/i.html?_nkw=God of war ragnarok ps4&_ipg=120&_pgn=1&_sop=12
2024-06-04 17:08:28,782 - DEBUG - Titolo: God Of War Ragnarok PS4, Prezzo: EUR 49,99, URL: https://www.ebay.it/sch/i.html?_nkw=God of war ragnarok ps4&_ipg=120&_pgn=1&_sop=12
2024-06-04 17:08:28,782 - DEBUG - Titolo: God of War Ragnarok (PS4) NUOVO E SIGILLATO - Veloce e gratuito P&P, Prezzo: EUR 41,07, URL: https://www.ebay.it/sch/i.html?_nkw=God of war ragnarok ps4&_ipg=120&_pgn=1&_sop=12
2024-06-04 17:08:28,782 - DEBUG - Titolo: GOD OF WAR RAGNARÖK PS4 PAL ESPAÑA NUEVO FISICO ESPAÑOL RAGNAROK PRECINTADO, Prezzo: EUR 46,90, URL: https://www.ebay.it/sch/i.html?_nkw=God of war ragnarok ps4&_ipg=120&_pgn=1&_sop=12
2024-06-04 17:08:28,783 - DEBUG - Titolo: God of War Collector's Edition (Sony PlayStation 4), Prezzo: EUR 264,40, URL: https://www.ebay.it/sch/i.html?_nkw=God of war ragnarok ps4&_ipg=120&_pgn=1&_sop=12
2024-06-04 17:08:28,783 - DEBUG - Titolo: Pacchetto giochi PS5 - Tutto nuovo e sigillato - God of War Ragnarok / Final Fantasy XVI , Prezzo: EUR 211,52, URL: https://www.ebay.it/sch/i.html?_nkw=God of war ragnarok ps4&_ipg=120&_pgn=1&_sop=12
2024-06-04 17:08:28,783 - DEBUG - Titolo: God of War - Steelbook Collector's Edition (Sony PlayStation 4), Prezzo: EUR 46,65, URL: https://www.ebay.it/sch/i.html?_nkw=God of war ragnarok ps4&_ipg=120&_pgn=1&_sop=12
2024-06-04 17:08:28,783 - DEBUG - Titolo: Trophy service EU PS4-PS5 / God of War Ragnarok DLC Valhalla, Prezzo: EUR 34,99, URL: https://www.ebay.it/sch/i.html?_nkw=God of war ragnarok ps4&_ipg=120&_pgn=1&_sop=12
2024-06-04 17:08:28,783 - DEBUG - Titolo: Nuova inserzioneGOD OF WAR RAGNAROK (GIOCO PS4), Prezzo: EUR 28,19, URL: https://www.ebay.it/sch/i.html?_nkw=God of war ragnarok ps4&_ipg=120&_pgn=1&_sop=12
2024-06-04 17:08:28,783 - DEBUG - Titolo: ✅PS4 God of War: Ragnarok ⭐, Prezzo: EUR 52,99, URL: https://www.ebay.it/sch/i.html?_nkw=God of war ragnarok ps4&_ipg=120&_pgn=1&_sop=12
2024-06-04 17:08:28,783 - DEBUG - Titolo: Nuova inserzioneGod of War PS4/PS5 solo su custodia PlayStation edizione limitata, Prezzo: EUR 23,49, URL: https://www.ebay.it/sch/i.html?_nkw=God of war ragnarok ps4&_ipg=120&_pgn=1&_sop=12
2024-06-04 17:08:28,783 - DEBUG - Titolo: God of War Ragnarok (sn5)  ps4 nuovo, Prezzo: EUR 44,99, URL: https://www.ebay.it/sch/i.html?_nkw=God of war ragnarok ps4&_ipg=120&_pgn=1&_sop=12
2024-06-04 17:08:28,783 - DEBUG - Titolo: God of War Ragnarok PS4 (SP) (157338), Prezzo: EUR 58,90, URL: https://www.ebay.it/sch/i.html?_nkw=God of war ragnarok ps4&_ipg=120&_pgn=1&_sop=12
2024-06-04 17:08:28,783 - DEBUG - Titolo: Sony Ps4 God Of War Ragnarok PEGI 18+ 9407799, Prezzo: EUR 49,66, URL: https://www.ebay.it/sch/i.html?_nkw=God of war ragnarok ps4&_ipg=120&_pgn=1&_sop=12
2024-06-04 17:08:28,784 - DEBUG - Titolo: The Art of God of War Ragnarok - MINI LIBRO ARTBOOK ufficiale nuovissimo, Prezzo: EUR 19,97, URL: https://www.ebay.it/sch/i.html?_nkw=God of war ragnarok ps4&_ipg=120&_pgn=1&_sop=12
2024-06-04 17:08:28,784 - DEBUG - Titolo: Nuova inserzioneGod of War Ragnarök per PS5 in perfette condizioni, Prezzo: EUR 41,12, URL: https://www.ebay.it/sch/i.html?_nkw=God of war ragnarok ps4&_ipg=120&_pgn=1&_sop=12
2024-06-04 17:08:28,784 - DEBUG - Titolo: God Of War Ragnarok Jotnar Edition ITALIANO NUOVA IMBALLATA, Prezzo: EUR 449,00, URL: https://www.ebay.it/sch/i.html?_nkw=God of war ragnarok ps4&_ipg=120&_pgn=1&_sop=12
2024-06-04 17:08:28,784 - DEBUG - Titolo: God of War Ragnarok gioco PS5, Prezzo: EUR 29,38, URL: https://www.ebay.it/sch/i.html?_nkw=God of war ragnarok ps4&_ipg=120&_pgn=1&_sop=12
2024-06-04 17:08:28,784 - DEBUG - Titolo: The art of God of War Ragnarok (Complete Artbook in high quality), Prezzo: EUR 4,00, URL: https://www.ebay.it/sch/i.html?_nkw=God of war ragnarok ps4&_ipg=120&_pgn=1&_sop=12
2024-06-04 17:08:28,784 - DEBUG - Titolo: GOD OF WAR RAGNAROK PS4 GIOCO ITALIANO PLAYSTATION 4 NUOVO VIDEOGIOCO SIGILLATO, Prezzo: EUR 69,90, URL: https://www.ebay.it/sch/i.html?_nkw=God of war ragnarok ps4&_ipg=120&_pgn=1&_sop=12
2024-06-04 17:08:28,784 - DEBUG - Titolo: 6x Collectors Ultimate Limited Special Edition PS4PS5 giochi Uncharted God of War, Prezzo: EUR 287,84, URL: https://www.ebay.it/sch/i.html?_nkw=God of war ragnarok ps4&_ipg=120&_pgn=1&_sop=12
2024-06-04 17:08:28,784 - DEBUG - Titolo: God of War Ragnarok | Ps5, Prezzo: EUR 47,61, URL: https://www.ebay.it/sch/i.html?_nkw=God of war ragnarok ps4&_ipg=120&_pgn=1&_sop=12
2024-06-04 17:08:28,784 - DEBUG - Titolo: Nuova inserzioneGod of War Ragnarök Sony PlayStation 5 PS5, Prezzo: EUR 39,37, URL: https://www.ebay.it/sch/i.html?_nkw=God of war ragnarok ps4&_ipg=120&_pgn=1&_sop=12
2024-06-04 17:08:28,784 - DEBUG - Titolo: God of War Ragnarok Sony Playstation 4 PS4 PAL in scatola, Prezzo: EUR 35,24, URL: https://www.ebay.it/sch/i.html?_nkw=God of war ragnarok ps4&_ipg=120&_pgn=1&_sop=12
2024-06-04 17:08:28,785 - DEBUG - Titolo: The Art of God of War Ragnarok - MINI ART BOOK ufficiale nuovissimo, Prezzo: EUR 25,74, URL: https://www.ebay.it/sch/i.html?_nkw=God of war ragnarok ps4&_ipg=120&_pgn=1&_sop=12
2024-06-04 17:08:28,785 - DEBUG - Titolo: Videogioco Sony Interactive God Of War Ragnarok 9407799, Prezzo: EUR 50,99, URL: https://www.ebay.it/sch/i.html?_nkw=God of war ragnarok ps4&_ipg=120&_pgn=1&_sop=12
2024-06-04 17:08:28,785 - DEBUG - Titolo: Portachiavi God Of War Ragnarok Mjölnir Hammer Kratos Lega Portachiavi Regalo PS4 PS5, Prezzo: EUR 11,63, URL: https://www.ebay.it/sch/i.html?_nkw=God of war ragnarok ps4&_ipg=120&_pgn=1&_sop=12
2024-06-04 17:08:28,785 - DEBUG - Titolo: Nuova inserzioneGod of War Ragnarok PS5 solo custodia slip cover gioco - nessun gioco - per steelbook, Prezzo: EUR 10,52, URL: https://www.ebay.it/sch/i.html?_nkw=God of war ragnarok ps4&_ipg=120&_pgn=1&_sop=12
2024-06-04 17:08:28,785 - DEBUG - Titolo: God of War PS4 Press Kit - God of War Press Kit Raro - NUOVO SONY FABBRICA UK, Prezzo: EUR 411,29, URL: https://www.ebay.it/sch/i.html?_nkw=God of war ragnarok ps4&_ipg=120&_pgn=1&_sop=12
2024-06-04 17:08:28,785 - DEBUG - Titolo: GOD OF WAR 2 RAGNAROK PS4 GIOCO ITALIANO PLAYSTATION 4 PAL, Prezzo: EUR 68,24, URL: https://www.ebay.it/sch/i.html?_nkw=God of war ragnarok ps4&_ipg=120&_pgn=1&_sop=12
2024-06-04 17:08:28,785 - DEBUG - Titolo: God Of War Ragnarok PS5 (codice), Prezzo: EUR 55,00, URL: https://www.ebay.it/sch/i.html?_nkw=God of war ragnarok ps4&_ipg=120&_pgn=1&_sop=12
2024-06-04 17:08:28,785 - DEBUG - Titolo: Nuova inserzioneGod of War Ragnarok (2 dischi) Gioco Playstation 4 Usato, Prezzo: EUR 170,60, URL: https://www.ebay.it/sch/i.html?_nkw=God of war ragnarok ps4&_ipg=120&_pgn=1&_sop=12
2024-06-04 17:08:28,785 - DEBUG - Titolo: God Wars: Future Past - PlayStation 4 PS4 PS5, Prezzo: EUR 19,97, URL: https://www.ebay.it/sch/i.html?_nkw=God of war ragnarok ps4&_ipg=120&_pgn=1&_sop=12
2024-06-04 17:08:28,786 - DEBUG - Titolo: targhetta gioco god of war ragnarok edizione da collezione rarissima! introvabil, Prezzo: EUR 24,49, URL: https://www.ebay.it/sch/i.html?_nkw=God of war ragnarok ps4&_ipg=120&_pgn=1&_sop=12
2024-06-04 17:08:28,786 - DEBUG - Titolo: God of War Ragnarok + (ALL DLC) PS4/PS5 Platinum Trophy Service, Prezzo: EUR 99,99, URL: https://www.ebay.it/sch/i.html?_nkw=God of war ragnarok ps4&_ipg=120&_pgn=1&_sop=12
2024-06-04 17:08:28,786 - DEBUG - Titolo: God Of War Ragnarok PS4 (Sp ) (157338), Prezzo: EUR 62,65, URL: https://www.ebay.it/sch/i.html?_nkw=God of war ragnarok ps4&_ipg=120&_pgn=1&_sop=12
2024-06-04 17:08:28,786 - DEBUG - Titolo: PS4 God of War Ragnarok Playstation 4 nuovissimo e sigillato , Prezzo: EUR 42,89, URL: https://www.ebay.it/sch/i.html?_nkw=God of war ragnarok ps4&_ipg=120&_pgn=1&_sop=12
2024-06-04 17:08:28,786 - DEBUG - Titolo: PS4 God of War: Ragnarok UFFICIALE ITALIA, Prezzo: EUR 83,16, URL: https://www.ebay.it/sch/i.html?_nkw=God of war ragnarok ps4&_ipg=120&_pgn=1&_sop=12
2024-06-04 17:08:28,786 - DEBUG - Titolo: Ps5 God Of War Ragnarok Poster Latta Limited - ➡️No Gioco ⬅️, Prezzo: EUR 13,00, URL: https://www.ebay.it/sch/i.html?_nkw=God of war ragnarok ps4&_ipg=120&_pgn=1&_sop=12
2024-06-04 17:08:28,786 - DEBUG - Titolo: God of War Ragnarok (PS5) NUOVO DI ZECCA E SIGILLATO - IN MAGAZZINO - SPEDIZIONE RAPIDA, Prezzo: EUR 52,87, URL: https://www.ebay.it/sch/i.html?_nkw=God of war ragnarok ps4&_ipg=120&_pgn=1&_sop=12
2024-06-04 17:08:28,786 - DEBUG - Titolo: God of War: Ragnarok PS4, Prezzo: EUR 60,84, URL: https://www.ebay.it/sch/i.html?_nkw=God of war ragnarok ps4&_ipg=120&_pgn=1&_sop=12
2024-06-04 17:08:28,786 - DEBUG - Titolo: God of War Ragnarök Platino (Messaggio prima dell'acquisto) (PS4/5), Prezzo: EUR 114,69, URL: https://www.ebay.it/sch/i.html?_nkw=God of war ragnarok ps4&_ipg=120&_pgn=1&_sop=12
2024-06-04 17:08:28,786 - DEBUG - Titolo: God of War : Ragnarok   Collector's Edition Compatibile  ps5 ps4 (digitale), Prezzo: EUR 250,00, URL: https://www.ebay.it/sch/i.html?_nkw=God of war ragnarok ps4&_ipg=120&_pgn=1&_sop=12
2024-06-04 17:08:28,786 - DEBUG - Titolo: God of War Ragnarök (Sony PlayStation 5, 2022), Prezzo: EUR 38,77, URL: https://www.ebay.it/sch/i.html?_nkw=God of war ragnarok ps4&_ipg=120&_pgn=1&_sop=12
2024-06-04 17:08:28,787 - DEBUG - Titolo: *NUOVO* Portachiavi Portachiavi God Of War Ragnarok Kratos Lega Lame Chaos Regalo PS4 PS5, Prezzo: EUR 11,63, URL: https://www.ebay.it/sch/i.html?_nkw=God of war ragnarok ps4&_ipg=120&_pgn=1&_sop=12
2024-06-04 17:08:28,787 - DEBUG - Titolo: Gioco PS5 God Of War Ragnarok PlayStation 5 gioco per computer Sony, Prezzo: EUR 41,07, URL: https://www.ebay.it/sch/i.html?_nkw=God of war ragnarok ps4&_ipg=120&_pgn=1&_sop=12
2024-06-04 17:08:28,787 - DEBUG - Titolo: God of War Ragnarök Jötnar Collectors Edition! PlayStation 4/5 nuovo & IMBALLO ORIGINALE , Prezzo: EUR 389,90, URL: https://www.ebay.it/sch/i.html?_nkw=God of war ragnarok ps4&_ipg=120&_pgn=1&_sop=12
2024-06-04 17:08:28,787 - DEBUG - Titolo: God Of War Ragnarok - Laccetto/Badge Gadget, Prezzo: EUR 9,90, URL: https://www.ebay.it/sch/i.html?_nkw=God of war ragnarok ps4&_ipg=120&_pgn=1&_sop=12
2024-06-04 17:08:28,787 - DEBUG - Titolo: GOD OF WAR RAGNAROK PS4 ITALIANO STANDARD EDITION PLAYSTATION 4 EU 9/11, Prezzo: EUR 79,90, URL: https://www.ebay.it/sch/i.html?_nkw=God of war ragnarok ps4&_ipg=120&_pgn=1&_sop=12
2024-06-04 17:08:28,787 - DEBUG - Titolo: PS4 GOD of WAR PlayStation 4 ACTION ADVENTURE NORSE QUEST (gioco compatibile PS5), Prezzo: EUR 16,31, URL: https://www.ebay.it/sch/i.html?_nkw=God of war ragnarok ps4&_ipg=120&_pgn=1&_sop=12
2024-06-04 17:08:28,787 - DEBUG - Titolo: god of war ragnarok ps4, Prezzo: EUR 50,00, URL: https://www.ebay.it/sch/i.html?_nkw=God of war ragnarok ps4&_ipg=120&_pgn=1&_sop=12
2024-06-04 17:08:28,787 - DEBUG - Titolo: GOD OF WAR RADNAROK PS5 SONY PLAYSTATION 5 CONSEGNA GRATUITA NUOVISSIMA SIGILLATA, Prezzo: EUR 45,77, URL: https://www.ebay.it/sch/i.html?_nkw=God of war ragnarok ps4&_ipg=120&_pgn=1&_sop=12
2024-06-04 17:08:28,787 - DEBUG - Titolo: Ps5 God Of War Ragnarok Poster Latta Limited, 14,99€ Spedito - ➡️No Gioco ⬅️, Prezzo: EUR 14,99, URL: https://www.ebay.it/sch/i.html?_nkw=God of war ragnarok ps4&_ipg=120&_pgn=1&_sop=12
2024-06-04 17:08:28,787 - DEBUG - Titolo: GOD OF WAR RAGNAROK PS4 UK NEW (GAME IN ENGLISH/FR/DE/ES/IT/PT), Prezzo: EUR 65,99, URL: https://www.ebay.it/sch/i.html?_nkw=God of war ragnarok ps4&_ipg=120&_pgn=1&_sop=12
2024-06-04 17:08:28,788 - DEBUG - Titolo: *NO ES EL JUEGO,LEER DESCRIPCION GOD OF WAR RAGNAROK PS4 MODS, Prezzo: EUR 35,00, URL: https://www.ebay.it/sch/i.html?_nkw=God of war ragnarok ps4&_ipg=120&_pgn=1&_sop=12
2024-06-04 17:08:28,788 - DEBUG - Titolo: God of War Ragnarök (Sony PlayStation 5) - Nuovo di zecca e sigillato in fabbrica. P&P GRATIS, Prezzo: EUR 54,00, URL: https://www.ebay.it/sch/i.html?_nkw=God of war ragnarok ps4&_ipg=120&_pgn=1&_sop=12
2024-06-04 17:08:28,788 - DEBUG - Titolo: Portachiavi God Of War Ragnarok Leviathan Ascia Kratos Lega Portachiavi Regalo PS4 PS5, Prezzo: EUR 11,63, URL: https://www.ebay.it/sch/i.html?_nkw=God of war ragnarok ps4&_ipg=120&_pgn=1&_sop=12
2024-06-04 17:08:28,788 - DEBUG - Titolo: Poster promozionale in latta decorativo God of War Ragnarok segno placca arte metallo + MAPPA, Prezzo: EUR 21,43, URL: https://www.ebay.it/sch/i.html?_nkw=God of war ragnarok ps4&_ipg=120&_pgn=1&_sop=12
2024-06-04 17:08:28,788 - DEBUG - Titolo: God of War PS4 PROMO PlayStation 4 promozione God of War, Prezzo: EUR 19,97, URL: https://www.ebay.it/sch/i.html?_nkw=God of war ragnarok ps4&_ipg=120&_pgn=1&_sop=12
2024-06-04 17:08:28,788 - DEBUG - Titolo: God of War Ragnarök (Sony PlayStation 5) - Nuovo di zecca e sigillato in fabbrica. P&P GRATIS., Prezzo: EUR 52,87, URL: https://www.ebay.it/sch/i.html?_nkw=God of war ragnarok ps4&_ipg=120&_pgn=1&_sop=12
2024-06-04 17:08:28,788 - DEBUG - Titolo: Nuova inserzioneNUOVO E SIGILLATO (GOD OF WAR - RAGNAROK) BRILLANTE GIOCO PS4, Prezzo: EUR 31,72, URL: https://www.ebay.it/sch/i.html?_nkw=God of war ragnarok ps4&_ipg=120&_pgn=1&_sop=12
2024-06-04 17:08:28,788 - DEBUG - Titolo: Nuova inserzioneGod of War Ragnarok Playstation 4 (PS4) - Nuovo e sigillato ✅️ Consegna gratuita., Prezzo: EUR 51,69, URL: https://www.ebay.it/sch/i.html?_nkw=God of war ragnarok ps4&_ipg=120&_pgn=1&_sop=12
2024-06-04 17:08:28,788 - DEBUG - Titolo: Games - Ps4 - God Of War - Ragnarok  (18+), Prezzo: EUR 55,70, URL: https://www.ebay.it/sch/i.html?_nkw=God of war ragnarok ps4&_ipg=120&_pgn=1&_sop=12
2024-06-04 17:08:28,788 - DEBUG - Titolo: Ps4 God Of War Ragnarok PEGI 18+ Sony 9407799, Prezzo: EUR 50,06, URL: https://www.ebay.it/sch/i.html?_nkw=God of war ragnarok ps4&_ipg=120&_pgn=1&_sop=12
2024-06-04 17:08:28,789 - DEBUG - Titolo: GOD OF WAR RAGNAROK PS4  NUOVO  ITA, Prezzo: EUR 44,99, URL: https://www.ebay.it/sch/i.html?_nkw=God of war ragnarok ps4&_ipg=120&_pgn=1&_sop=12
2024-06-04 17:08:28,789 - DEBUG - Titolo: Nuova inserzioneGod of War Ragnarok PS5 solo custodia slip cover gioco - nessun gioco - da collezione, Prezzo: EUR 10,28, URL: https://www.ebay.it/sch/i.html?_nkw=God of war ragnarok ps4&_ipg=120&_pgn=1&_sop=12
2024-06-04 17:08:28,789 - DEBUG - Titolo: PS5 GOD OF WAR RAGNAROK GIOCO PLAYSTATION 5 PAL ITALIANO PREORDINE 09/11/2022, Prezzo: EUR 72,44, URL: https://www.ebay.it/sch/i.html?_nkw=God of war ragnarok ps4&_ipg=120&_pgn=1&_sop=12
2024-06-04 17:08:28,789 - DEBUG - Titolo: God of War Ragnarok Playstation 5 Ps5 Nuovissimo Sigillato (PORTOGHESE), Prezzo: EUR 64,31, URL: https://www.ebay.it/sch/i.html?_nkw=God of war ragnarok ps4&_ipg=120&_pgn=1&_sop=12
2024-06-04 17:08:28,789 - DEBUG - Titolo: GOD OF WAR RAGNAROK PS4 VIDEOGIOCO PLAYSTATION 4 ITALIANO EU NUOVO UPGRADE PS5, Prezzo: EUR 79,99, URL: https://www.ebay.it/sch/i.html?_nkw=God of war ragnarok ps4&_ipg=120&_pgn=1&_sop=12
2024-06-04 17:08:28,789 - DEBUG - Titolo: GOD OF WAR RAGNAROK JOTNAR EDITION | BRAND NEW SEALED!  ✅ PS4 PS5, Prezzo: EUR 479,00, URL: https://www.ebay.it/sch/i.html?_nkw=God of war ragnarok ps4&_ipg=120&_pgn=1&_sop=12
2024-06-04 17:08:28,789 - DEBUG - Titolo: God of War Ragnarok PLAYSTATION 4 PS4 Sony Interactive Videogioco 18+, Prezzo: EUR 58,99, URL: https://www.ebay.it/sch/i.html?_nkw=God of war ragnarok ps4&_ipg=120&_pgn=1&_sop=12
2024-06-04 17:08:28,789 - DEBUG - Titolo: SOLD OUT GOD OF WAR RAGNAROK EDIZIONE DA COLLEZIONE PS4 & PS5 NUOVA CON SCATOLA affidabile ✅, Prezzo: EUR 340,72, URL: https://www.ebay.it/sch/i.html?_nkw=God of war ragnarok ps4&_ipg=120&_pgn=1&_sop=12
2024-06-04 17:08:28,789 - DEBUG - Titolo: Nuova inserzioneThe art of God of War Ragnarok (Complete Artbook in high quality), Prezzo: EUR 3,00, URL: https://www.ebay.it/sch/i.html?_nkw=God of war ragnarok ps4&_ipg=120&_pgn=1&_sop=12
2024-06-04 17:08:28,789 - DEBUG - Titolo: Poster promozionale in latta God of War Ragnarok segno placca arte metallo 19x14 cm, Prezzo: EUR 8,80, URL: https://www.ebay.it/sch/i.html?_nkw=God of war ragnarok ps4&_ipg=120&_pgn=1&_sop=12
2024-06-04 17:08:28,790 - DEBUG - Titolo: Playstation 4 God Of War Ragnarok Euro Playstation 4 Game NUOVO, Prezzo: EUR 50,67, URL: https://www.ebay.it/sch/i.html?_nkw=God of war ragnarok ps4&_ipg=120&_pgn=1&_sop=12
2024-06-04 17:08:28,790 - DEBUG - Titolo: GOD OF WAR 2 RAGNAROK PS4 EU NUOVO GIOCO ITALIANO PLAYSTATION 4 PAL, Prezzo: EUR 69,99, URL: https://www.ebay.it/sch/i.html?_nkw=God of war ragnarok ps4&_ipg=120&_pgn=1&_sop=12
2024-06-04 17:08:28,790 - DEBUG - Titolo: PS4 PS5 Trophy Service Trofeo di Platino God of War Ragnarok, Prezzo: EUR 119,99, URL: https://www.ebay.it/sch/i.html?_nkw=God of war ragnarok ps4&_ipg=120&_pgn=1&_sop=12
2024-06-04 17:08:28,790 - DEBUG - Titolo: Sony Playstation PS5, God of War Ragnarök Collector's Edition, IMBALLO ORIGINALE, USK18, ESP, Prezzo: EUR 179,95, URL: https://www.ebay.it/sch/i.html?_nkw=God of war ragnarok ps4&_ipg=120&_pgn=1&_sop=12
2024-06-04 17:08:28,790 - DEBUG - Titolo: God of War Ragnarok Jotnar Edition PS4/PS5 DISPONIBILITÀ IMMEDIATA, Prezzo: EUR 700,00, URL: https://www.ebay.it/sch/i.html?_nkw=God of war ragnarok ps4&_ipg=120&_pgn=1&_sop=12
2024-06-04 17:08:28,790 - DEBUG - Titolo: God of War SAGA (PlayStation 3, 2012) 5 giochi completi inclusi, Prezzo: EUR 52,88, URL: https://www.ebay.it/sch/i.html?_nkw=God of war ragnarok ps4&_ipg=120&_pgn=1&_sop=12
2024-06-04 17:08:28,790 - DEBUG - Titolo: Codice edizione God of War Ragnarok PS5 , Prezzo: EUR 70,51, URL: https://www.ebay.it/sch/i.html?_nkw=God of war ragnarok ps4&_ipg=120&_pgn=1&_sop=12
2024-06-04 17:08:28,790 - DEBUG - Titolo: GoW God Of War Ragnarok Collector's Limited Edition - PS4 PS5 ITA + BRONW BOX, Prezzo: EUR 349,98, URL: https://www.ebay.it/sch/i.html?_nkw=God of war ragnarok ps4&_ipg=120&_pgn=1&_sop=12
2024-06-04 17:08:28,790 - DEBUG - Titolo: God of War PS4 Press Kit - God of War Press Kit supporti Sony PlayStation 4 raro., Prezzo: EUR 558,18, URL: https://www.ebay.it/sch/i.html?_nkw=God of war ragnarok ps4&_ipg=120&_pgn=1&_sop=12
2024-06-04 17:08:28,790 - DEBUG - Titolo: God of War 2018 PS4/PS5 + slipcover e carta collezionabile, Prezzo: EUR 176,27, URL: https://www.ebay.it/sch/i.html?_nkw=God of war ragnarok ps4&_ipg=120&_pgn=1&_sop=12
2024-06-04 17:08:28,790 - DEBUG - Titolo: GOD OF WAR RAGNAROK PL SONY PS4 PL POLSKI DUBBING POLACCO POLSKA WERSJA NUOVO, Prezzo: EUR 59,99, URL: https://www.ebay.it/sch/i.html?_nkw=God of war ragnarok ps4&_ipg=120&_pgn=1&_sop=12
2024-06-04 17:08:28,791 - DEBUG - Titolo: PLAYSTATION | Gioco PS4 God of War Ragnarok, Prezzo: EUR 67,31, URL: https://www.ebay.it/sch/i.html?_nkw=God of war ragnarok ps4&_ipg=120&_pgn=1&_sop=12
2024-06-04 17:08:28,791 - DEBUG - Titolo: GOD OF WAR 2 RAGNAROK PS4 GIOCO ITALIANO PLAYSTATION 4 PAL, Prezzo: EUR 68,50, URL: https://www.ebay.it/sch/i.html?_nkw=God of war ragnarok ps4&_ipg=120&_pgn=1&_sop=12
2024-06-04 17:08:48,917 - DEBUG - Starting new HTTPS connection (1): www.ebay.it:443
2024-06-04 17:08:49,358 - DEBUG - https://www.ebay.it:443 "GET /sch/i.html?_nkw=Penna%20bic&_ipg=120&_pgn=1&_sop=12 HTTP/1.1" 200 None
2024-06-04 17:08:50,641 - DEBUG - Titolo: BIC CRISTAL Confezione 50 Penne Inchiostro a Sfera nero Scuola Ufficio, Prezzo: EUR 13,90, URL: https://www.ebay.it/sch/i.html?_nkw=Penna bic&_ipg=120&_pgn=1&_sop=12
2024-06-04 17:08:50,641 - DEBUG - Titolo: BIC CRISTAL Confezione 50 Penne Inchiostro a Sfera Blu Scuola Ufficio, Prezzo: EUR 13,90, URL: https://www.ebay.it/sch/i.html?_nkw=Penna bic&_ipg=120&_pgn=1&_sop=12
2024-06-04 17:08:50,641 - DEBUG - Titolo: Bic Cristal Large Punta 1,6 mm Confezione 50 Penne Colore NERO, Prezzo: EUR 19,99, URL: https://www.ebay.it/sch/i.html?_nkw=Penna bic&_ipg=120&_pgn=1&_sop=12
2024-06-04 17:08:50,641 - DEBUG - Titolo: BIC CONFEZIONE 50 CRISTAL PEZZI PENNA TRATTO MEDIO ROSSO NERO BLU te, Prezzo: EUR 9,99, URL: https://www.ebay.it/sch/i.html?_nkw=Penna bic&_ipg=120&_pgn=1&_sop=12
2024-06-04 17:08:50,641 - DEBUG - Titolo: 10 Penne Bic Cristal Soft Large Original Cancelleria Scuola Ufficio Penna 3494, Prezzo: EUR 5,49, URL: https://www.ebay.it/sch/i.html?_nkw=Penna bic&_ipg=120&_pgn=1&_sop=12
2024-06-04 17:08:50,641 - DEBUG - Titolo: penna BIC large da 1,6 mm, Prezzo: EUR 1,00, URL: https://www.ebay.it/sch/i.html?_nkw=Penna bic&_ipg=120&_pgn=1&_sop=12
2024-06-04 17:08:50,642 - DEBUG - Titolo: Penna Bic 4 colori colours Pro punta media 1,00 mm, Prezzo: EUR 2,30, URL: https://www.ebay.it/sch/i.html?_nkw=Penna bic&_ipg=120&_pgn=1&_sop=12
2024-06-04 17:08:50,642 - DEBUG - Titolo: 1 Penna Bic 4 Colours Punte Colorate Penne 1 Matita Scuola Cancelleria 3491, Prezzo: EUR 7,99, URL: https://www.ebay.it/sch/i.html?_nkw=Penna bic&_ipg=120&_pgn=1&_sop=12
2024-06-04 17:08:50,642 - DEBUG - Titolo: 10 Penne Bic Cristal Soft Large Original Cancelleria Scuola Ufficio Penna 3494, Prezzo: EUR 5,49, URL: https://www.ebay.it/sch/i.html?_nkw=Penna bic&_ipg=120&_pgn=1&_sop=12
2024-06-04 17:08:50,642 - DEBUG - Titolo: 10 Penne Bic Cristal Original Cancelleria Penna Rosso Nero Verde Blu Scuola 3532, Prezzo: EUR 5,49, URL: https://www.ebay.it/sch/i.html?_nkw=Penna bic&_ipg=120&_pgn=1&_sop=12
2024-06-04 17:08:50,642 - DEBUG - Titolo: Bic Cristal Original Punta Media 1mm Kit Risparmio Scuola Ufficio Blu Rosso Nero, Prezzo: EUR 17,99, URL: https://www.ebay.it/sch/i.html?_nkw=Penna bic&_ipg=120&_pgn=1&_sop=12
2024-06-04 17:08:50,642 - DEBUG - Titolo: Lotto 10 penne Bic vintage, Prezzo: EUR 15,00, URL: https://www.ebay.it/sch/i.html?_nkw=Penna bic&_ipg=120&_pgn=1&_sop=12
2024-06-04 17:08:50,642 - DEBUG - Titolo: penna bic special argento, Prezzo: EUR 3,00, URL: https://www.ebay.it/sch/i.html?_nkw=Penna bic&_ipg=120&_pgn=1&_sop=12
2024-06-04 17:08:50,642 - DEBUG - Titolo: BIC Penne a Sfera Cristal Multicolor Colori Assortiti Punta Larga (1.6 mm), Prezzo: EUR 11,99, URL: https://www.ebay.it/sch/i.html?_nkw=Penna bic&_ipg=120&_pgn=1&_sop=12
2024-06-04 17:08:50,642 - DEBUG - Titolo: 10 Penne Bic Cristal Original Cancelleria Penna Rosso Nero Verde Blu Scuola 3532, Prezzo: EUR 5,49, URL: https://www.ebay.it/sch/i.html?_nkw=Penna bic&_ipg=120&_pgn=1&_sop=12
2024-06-04 17:08:50,642 - DEBUG - Titolo: penne sfera a affare 50 lotto medium Bic rossa blu nera scuola ufficio studio nw, Prezzo: EUR 19,99, URL: https://www.ebay.it/sch/i.html?_nkw=Penna bic&_ipg=120&_pgn=1&_sop=12
2024-06-04 17:08:50,643 - DEBUG - Titolo: 50pz CRISTAL A PENNE SFERA BIC BLU ROSSO NERO 50 pezzi Penna yy, Prezzo: EUR 19,99, URL: https://www.ebay.it/sch/i.html?_nkw=Penna bic&_ipg=120&_pgn=1&_sop=12
2024-06-04 17:08:50,643 - DEBUG - Titolo: penne a affare 50 sfera lotto medium Bic rossa blu nera scuola ufficio studio or, Prezzo: EUR 9,99, URL: https://www.ebay.it/sch/i.html?_nkw=Penna bic&_ipg=120&_pgn=1&_sop=12
2024-06-04 17:08:50,643 - DEBUG - Titolo: Bic Cristal Original Punta Media 1mm Kit ,confezione  50 Penne Nere, Prezzo: EUR 15,50, URL: https://www.ebay.it/sch/i.html?_nkw=Penna bic&_ipg=120&_pgn=1&_sop=12
2024-06-04 17:08:50,643 - DEBUG - Titolo: PENNA BIC CRISTAL MEDIUM NERA Pacco da 50, Prezzo: EUR 12,61, URL: https://www.ebay.it/sch/i.html?_nkw=Penna bic&_ipg=120&_pgn=1&_sop=12
2024-06-04 17:08:50,643 - DEBUG - Titolo: 3 Penne Bic Gelocity Quick Dry Penna Gel Inchiostro Asciugatura Rapida 3493, Prezzo: EUR 8,00, URL: https://www.ebay.it/sch/i.html?_nkw=Penna bic&_ipg=120&_pgn=1&_sop=12
2024-06-04 17:08:50,643 - DEBUG - Titolo: PENNA A SFERA BIC NERA Cristal Soft Punta Media (1.2 mm) Confezione da 4 Penne, Prezzo: EUR 5,90, URL: https://www.ebay.it/sch/i.html?_nkw=Penna bic&_ipg=120&_pgn=1&_sop=12
2024-06-04 17:08:50,643 - DEBUG - Titolo: Nuova inserzione 👉BEVETE COCA COLA :  PENNA BIRO  PUBBLICITARIO ☆ Prod. BIC M17 ☆ Vintage '60 , Prezzo: EUR 35,00, URL: https://www.ebay.it/sch/i.html?_nkw=Penna bic&_ipg=120&_pgn=1&_sop=12
2024-06-04 17:08:50,643 - DEBUG - Titolo: 10 Penne BIC Ecolutions Round Stic Punta 1mm NERE - 74% di Plastica Riciclata, Prezzo: EUR 4,90, URL: https://www.ebay.it/sch/i.html?_nkw=Penna bic&_ipg=120&_pgn=1&_sop=12
2024-06-04 17:08:50,643 - DEBUG - Titolo: Lotto 10 penne Bic vintage, Prezzo: EUR 15,00, URL: https://www.ebay.it/sch/i.html?_nkw=Penna bic&_ipg=120&_pgn=1&_sop=12
2024-06-04 17:08:50,643 - DEBUG - Titolo: BIC Cristal Original, Penne Nere a Sfera 50 pezzi, Prezzo: EUR 18,99, URL: https://www.ebay.it/sch/i.html?_nkw=Penna bic&_ipg=120&_pgn=1&_sop=12
2024-06-04 17:08:50,644 - DEBUG - Titolo: Penna BIC Personalizzata (Nera,Blu o Rossa ), Prezzo: EUR 4,00, URL: https://www.ebay.it/sch/i.html?_nkw=Penna bic&_ipg=120&_pgn=1&_sop=12
2024-06-04 17:08:50,644 - DEBUG - Titolo: Penna BIC Argento 925% Massiccio con Custodia (BIC Silver pen Vintage), Prezzo: EUR 399,00, URL: https://www.ebay.it/sch/i.html?_nkw=Penna bic&_ipg=120&_pgn=1&_sop=12
2024-06-04 17:08:50,644 - DEBUG - Titolo: Penna Bic 4 colori colours Pro punta media 1,00 mm (40 Pz), Prezzo: EUR 25,00, URL: https://www.ebay.it/sch/i.html?_nkw=Penna bic&_ipg=120&_pgn=1&_sop=12
2024-06-04 17:08:50,644 - DEBUG - Titolo: PENNA BIC PLASTICA NERA CON CAPPUCCIO VINTANGE ANNI 60, Prezzo: EUR 10,00, URL: https://www.ebay.it/sch/i.html?_nkw=Penna bic&_ipg=120&_pgn=1&_sop=12
2024-06-04 17:08:50,644 - DEBUG - Titolo: sfera a da 50 penne Confezione BIC modello Cristal PENNA yz, Prezzo: EUR 9,99, URL: https://www.ebay.it/sch/i.html?_nkw=Penna bic&_ipg=120&_pgn=1&_sop=12
2024-06-04 17:08:50,644 - DEBUG - Titolo: da sfera a 50 penne Confezione BIC modello Cristal Penna uz, Prezzo: EUR 9,99, URL: https://www.ebay.it/sch/i.html?_nkw=Penna bic&_ipg=120&_pgn=1&_sop=12
2024-06-04 17:08:50,644 - DEBUG - Titolo: 50 colore NERO Cristal penne Bic ROSSO BLU spedizione con corriere espresso lm, Prezzo: EUR 19,99, URL: https://www.ebay.it/sch/i.html?_nkw=Penna bic&_ipg=120&_pgn=1&_sop=12
2024-06-04 17:08:50,644 - DEBUG - Titolo: 50 sfera a da penne Confezione BIC modello Cristal PENNA jp, Prezzo: EUR 19,99, URL: https://www.ebay.it/sch/i.html?_nkw=Penna bic&_ipg=120&_pgn=1&_sop=12
2024-06-04 17:08:50,644 - DEBUG - Titolo: PENNA BIC CRISTAL NERO CF50 pezzi, Prezzo: EUR 13,05, URL: https://www.ebay.it/sch/i.html?_nkw=Penna bic&_ipg=120&_pgn=1&_sop=12
2024-06-04 17:08:50,644 - DEBUG - Titolo: Penna sfera Bic Cristal Stylus Tablet Touch Screens blister 2 penne Blu/Nero, Prezzo: EUR 1,95, URL: https://www.ebay.it/sch/i.html?_nkw=Penna bic&_ipg=120&_pgn=1&_sop=12
2024-06-04 17:08:50,645 - DEBUG - Titolo:  Penna nera a sfera con cappuccio BIC Crystal Medium R184 FEEDBACK, Prezzo: EUR 0,01, URL: https://www.ebay.it/sch/i.html?_nkw=Penna bic&_ipg=120&_pgn=1&_sop=12
2024-06-04 17:08:50,645 - DEBUG - Titolo: 1 Penna Bic Cristal Large 1,6 mm colori a scelta , Prezzo: EUR 1,04, URL: https://www.ebay.it/sch/i.html?_nkw=Penna bic&_ipg=120&_pgn=1&_sop=12
2024-06-04 17:08:50,645 - DEBUG - Titolo: PENNA BIC RICARICABILE CRISTAL RE'NEW nera- IN METALLO CON DUE REFILL OMAGGIO, Prezzo: EUR 7,90, URL: https://www.ebay.it/sch/i.html?_nkw=Penna bic&_ipg=120&_pgn=1&_sop=12
2024-06-04 17:08:50,645 - DEBUG - Titolo: BIC Penne Viola a Sfera, Cristal Fun, Punta Larga (1,6 mm), Confezione da 20, Fo, Prezzo: EUR 27,99, URL: https://www.ebay.it/sch/i.html?_nkw=Penna bic&_ipg=120&_pgn=1&_sop=12
2024-06-04 17:08:50,645 - DEBUG - Titolo: sfera 50 a da penne Confezione BIC modello Cristal Penna oc, Prezzo: EUR 19,99, URL: https://www.ebay.it/sch/i.html?_nkw=Penna bic&_ipg=120&_pgn=1&_sop=12
2024-06-04 17:08:50,645 - DEBUG - Titolo: Cristal Bic a sfera originale Penna 50 Pz rosso o blu o nero ne, Prezzo: EUR 9,99, URL: https://www.ebay.it/sch/i.html?_nkw=Penna bic&_ipg=120&_pgn=1&_sop=12
2024-06-04 17:08:50,645 - DEBUG - Titolo: BIC PENNA A SFERA BICOLORE ROSSO/BLU ANNI 70 VINTAGE, Prezzo: EUR 1,99, URL: https://www.ebay.it/sch/i.html?_nkw=Penna bic&_ipg=120&_pgn=1&_sop=12
2024-06-04 17:08:50,645 - DEBUG - Titolo: PENNA A SFERA BIC blu Cristal Soft Con Punta Fine (0,8 Mm) Confezione da 4 Penne, Prezzo: EUR 3,90, URL: https://www.ebay.it/sch/i.html?_nkw=Penna bic&_ipg=120&_pgn=1&_sop=12
2024-06-04 17:08:50,645 - DEBUG - Titolo: Nuova inserzioneBIC PENNE A SFERA   - pubblicità-advert  rare del  1954 ORIGINAL, Prezzo: EUR 4,00, URL: https://www.ebay.it/sch/i.html?_nkw=Penna bic&_ipg=120&_pgn=1&_sop=12
2024-06-04 17:08:50,645 - DEBUG - Titolo: penna a sfera bic cristal original 50 penne biro scuola ufficio punta media nero, Prezzo: EUR 18,95, URL: https://www.ebay.it/sch/i.html?_nkw=Penna bic&_ipg=120&_pgn=1&_sop=12
2024-06-04 17:08:50,646 - DEBUG - Titolo: Penna bic 4 colori like a boss, Prezzo: EUR 3,90, URL: https://www.ebay.it/sch/i.html?_nkw=Penna bic&_ipg=120&_pgn=1&_sop=12
2024-06-04 17:08:50,646 - DEBUG - Titolo: LOTTO 50 RARE VINTAGE BIC PENNA NERO DI CHINA PUNTA FINE cappuccio chiuso, Prezzo: EUR 50,00, URL: https://www.ebay.it/sch/i.html?_nkw=Penna bic&_ipg=120&_pgn=1&_sop=12
2024-06-04 17:08:50,646 - DEBUG - Titolo: PENNA BIC CRISTAL RE NEW FUSTO IN ARGENTO + 2 REFIL DI RICARICA, Prezzo: EUR 8,50, URL: https://www.ebay.it/sch/i.html?_nkw=Penna bic&_ipg=120&_pgn=1&_sop=12
2024-06-04 17:08:50,646 - DEBUG - Titolo: Bic 4 Colours Velours PENNA Automatica a sfera, 4 COLORI Classici Corpo Velluto, Prezzo: EUR 4,00, URL: https://www.ebay.it/sch/i.html?_nkw=Penna bic&_ipg=120&_pgn=1&_sop=12
2024-06-04 17:08:50,646 - DEBUG - Titolo: Penna BIC 4 colori GLACE', Prezzo: EUR 2,99, URL: https://www.ebay.it/sch/i.html?_nkw=Penna bic&_ipg=120&_pgn=1&_sop=12
2024-06-04 17:08:50,646 - DEBUG - Titolo: Penna Bic multicolore Edizione limitata Mare Fuori serie tv limited edition penn, Prezzo: EUR 3,90, URL: https://www.ebay.it/sch/i.html?_nkw=Penna bic&_ipg=120&_pgn=1&_sop=12
2024-06-04 17:08:50,646 - DEBUG - Titolo: BIC CRISTAL Confezione 50 Penne Inchiostro a Sfera Blu Scuola Ufficio, Prezzo: EUR 12,50, URL: https://www.ebay.it/sch/i.html?_nkw=Penna bic&_ipg=120&_pgn=1&_sop=12
2024-06-04 17:08:50,646 - DEBUG - Titolo: Penna Bic Re-New in metallo, Prezzo: EUR 3,99, URL: https://www.ebay.it/sch/i.html?_nkw=Penna bic&_ipg=120&_pgn=1&_sop=12
2024-06-04 17:08:50,646 - DEBUG - Titolo: SET 3 PENNE SFERA 4 COLOURS HELLO WINTER BIC , Prezzo: EUR 11,90, URL: https://www.ebay.it/sch/i.html?_nkw=Penna bic&_ipg=120&_pgn=1&_sop=12
2024-06-04 17:08:50,646 - DEBUG - Titolo: Bic Penne a Sfera Cristal Soft, Fornitura per Cancelleria Scuola E Ufficio, Mult, Prezzo: EUR 7,99, URL: https://www.ebay.it/sch/i.html?_nkw=Penna bic&_ipg=120&_pgn=1&_sop=12
2024-06-04 17:08:50,646 - DEBUG - Titolo: Penna Bic 4 Colori Mare Fuori Edizione Limitata, Prezzo: EUR 5,00, URL: https://www.ebay.it/sch/i.html?_nkw=Penna bic&_ipg=120&_pgn=1&_sop=12
2024-06-04 17:08:50,646 - DEBUG - Titolo: ★1 PENNA A SFERA BIC CRISTAL GEL + INCHIOSTRO BLU MEDIUM PUNTA 0,7 MM★, Prezzo: EUR 3,19, URL: https://www.ebay.it/sch/i.html?_nkw=Penna bic&_ipg=120&_pgn=1&_sop=12
2024-06-04 17:08:50,647 - DEBUG - Titolo: Penna Bic 4 colori Multifunzione con portamina matita HB e gomma, Prezzo: EUR 5,64, URL: https://www.ebay.it/sch/i.html?_nkw=Penna bic&_ipg=120&_pgn=1&_sop=12
2024-06-04 17:08:50,647 - DEBUG - Titolo: Confezione da 10 Bic Cristal Penne a Sfera -Inchiostro a Base di Olio- Assortiti, Prezzo: EUR 8,50, URL: https://www.ebay.it/sch/i.html?_nkw=Penna bic&_ipg=120&_pgn=1&_sop=12
2024-06-04 17:08:50,647 - DEBUG - Titolo: penna a sfera bic cristal original 50 penne biro scuola ufficio punta media blu, Prezzo: EUR 18,95, URL: https://www.ebay.it/sch/i.html?_nkw=Penna bic&_ipg=120&_pgn=1&_sop=12
2024-06-04 17:08:50,647 - DEBUG - Titolo: Penna Bic 4 Colori Mare Fuori Edizione Limitata Set 2 Penne Tarantè e Carmine, Prezzo: EUR 14,00, URL: https://www.ebay.it/sch/i.html?_nkw=Penna bic&_ipg=120&_pgn=1&_sop=12
2024-06-04 17:08:50,647 - DEBUG - Titolo: 12 Penne Nere Bic a scatto Soft Feel Clic Grip punta media 1.00 mm 1 box, Prezzo: EUR 9,90, URL: https://www.ebay.it/sch/i.html?_nkw=Penna bic&_ipg=120&_pgn=1&_sop=12
2024-06-04 17:08:50,647 - DEBUG - Titolo: Penna Bic 4 Colori Mare Fuori Edizione Limitata CARDIOTRAP, Prezzo: EUR 5,90, URL: https://www.ebay.it/sch/i.html?_nkw=Penna bic&_ipg=120&_pgn=1&_sop=12
2024-06-04 17:08:50,647 - DEBUG - Titolo: Penna a Sfera Bic Cristal Original Confezione da 50 Penne Nere Punta 1.0mm, Prezzo: EUR 17,00, URL: https://www.ebay.it/sch/i.html?_nkw=Penna bic&_ipg=120&_pgn=1&_sop=12
2024-06-04 17:08:50,647 - DEBUG - Titolo: Penne Bic Nere Cristal Medie Medium original Punta da 1 mm Box da 100 , Prezzo: EUR 29,90, URL: https://www.ebay.it/sch/i.html?_nkw=Penna bic&_ipg=120&_pgn=1&_sop=12
2024-06-04 17:08:50,647 - DEBUG - Titolo: Penna Bic 4 Colori A Scatto ORIGINAL, Prezzo: EUR 4,50, URL: https://www.ebay.it/sch/i.html?_nkw=Penna bic&_ipg=120&_pgn=1&_sop=12
2024-06-04 17:08:50,648 - DEBUG - Titolo: RARA PENNA NERO DI CHINA PUNTA FINE BIC ANNI '70, Prezzo: EUR 6,99, URL: https://www.ebay.it/sch/i.html?_nkw=Penna bic&_ipg=120&_pgn=1&_sop=12
2024-06-04 17:08:50,648 - DEBUG - Titolo: BIC Penne Nero a Sfera, Cristal Original, Punta Media, 1 mm, Confezione da 50, Prezzo: EUR 16,90, URL: https://www.ebay.it/sch/i.html?_nkw=Penna bic&_ipg=120&_pgn=1&_sop=12
2024-06-04 17:08:50,648 - DEBUG - Titolo: Astuccio in metallo con 17 penne a sfera BIC the original pen limited edition, Prezzo: EUR 14,00, URL: https://www.ebay.it/sch/i.html?_nkw=Penna bic&_ipg=120&_pgn=1&_sop=12
2024-06-04 17:08:50,648 - DEBUG - Titolo: BIC Velocity Penna con punta media a Gel, Grip Bic Matic, Punta di 0.7, Confezio, Prezzo: EUR 31,99, URL: https://www.ebay.it/sch/i.html?_nkw=Penna bic&_ipg=120&_pgn=1&_sop=12
2024-06-04 17:08:50,648 - DEBUG - Titolo: BIC Penne Verdi a Sfera, Cristal Original, Punta Media, 1 mm, Confezione da 50, Prezzo: EUR 16,90, URL: https://www.ebay.it/sch/i.html?_nkw=Penna bic&_ipg=120&_pgn=1&_sop=12
2024-06-04 17:08:50,648 - DEBUG - Titolo: penna stilografica bic da borsetta idea regalo elegante con cartuccia nera , Prezzo: EUR 9,50, URL: https://www.ebay.it/sch/i.html?_nkw=Penna bic&_ipg=120&_pgn=1&_sop=12
2024-06-04 17:08:50,648 - DEBUG - Titolo: Penna Bic Cristal ReNew in Alluminio con 2 Ricariche Inchiostro Blu, Prezzo: EUR 9,00, URL: https://www.ebay.it/sch/i.html?_nkw=Penna bic&_ipg=120&_pgn=1&_sop=12
2024-06-04 17:08:50,648 - DEBUG - Titolo: lotto cancelleria vintage bic papermate tecnostyl faber castel atlas, Prezzo: EUR 59,90, URL: https://www.ebay.it/sch/i.html?_nkw=Penna bic&_ipg=120&_pgn=1&_sop=12
2024-06-04 17:08:50,648 - DEBUG - Titolo: Bic Penne Nere A Sfera, Cristal Soft, Ottime Per La Scuola, Punta Media, 1.2 Mm,, Prezzo: EUR 6,61, URL: https://www.ebay.it/sch/i.html?_nkw=Penna bic&_ipg=120&_pgn=1&_sop=12
2024-06-04 17:08:50,648 - DEBUG - Titolo: Penne BIC GEL-OCITY Quick Dry Intensity, colore BLU, punta media 0,7 mm 12 pezzi, Prezzo: EUR 13,00, URL: https://www.ebay.it/sch/i.html?_nkw=Penna bic&_ipg=120&_pgn=1&_sop=12
2024-06-04 17:08:50,649 - DEBUG - Titolo: PENNA A SFERA A SCATTO GELOCITY QUICK DRY - PUNTA 0,7MM - NERO - BIC, Prezzo: EUR 2,00, URL: https://www.ebay.it/sch/i.html?_nkw=Penna bic&_ipg=120&_pgn=1&_sop=12
2024-06-04 17:08:50,649 - DEBUG - Titolo: Mare Fuori Penna Bic 4 colori limited edition, Prezzo: EUR 5,00, URL: https://www.ebay.it/sch/i.html?_nkw=Penna bic&_ipg=120&_pgn=1&_sop=12
2024-06-04 17:08:50,649 - DEBUG - Titolo: CONFEZIONE 12 PZ PENNA BIRO PENNE A SFERA SCATTO BIC SOFT FEEL 1 MM MED BLU, Prezzo: EUR 11,90, URL: https://www.ebay.it/sch/i.html?_nkw=Penna bic&_ipg=120&_pgn=1&_sop=12
2024-06-04 17:08:50,649 - DEBUG - Titolo: 🟢Lotto 2 Penne sfera pubblicitarie BIC SUMMIT G8 2009 - MARKSMAN orologi SWATCH, Prezzo: EUR 5,00, URL: https://www.ebay.it/sch/i.html?_nkw=Penna bic&_ipg=120&_pgn=1&_sop=12
2024-06-04 17:08:50,649 - DEBUG - Titolo: Lotto vintage da collezionisti penne bic orange nere/blu punta fine anni 70/80, Prezzo: EUR 9,90, URL: https://www.ebay.it/sch/i.html?_nkw=Penna bic&_ipg=120&_pgn=1&_sop=12
2024-06-04 17:08:50,649 - DEBUG - Titolo: Penna Biro Bic Cristal, Prezzo: EUR 2,00, URL: https://www.ebay.it/sch/i.html?_nkw=Penna bic&_ipg=120&_pgn=1&_sop=12
2024-06-04 17:08:50,649 - DEBUG - Titolo: Penna Bic 4 colori Multifunzione con portamina matita HB e gomma, Prezzo: EUR 5,50, URL: https://www.ebay.it/sch/i.html?_nkw=Penna bic&_ipg=120&_pgn=1&_sop=12
2024-06-04 17:08:50,649 - DEBUG - Titolo: BIC Gel-Ocity St Originale Gel Inchiostro Penna a Sfera Medio 0.7mm Punta - 3, Prezzo: EUR 4,70, URL: https://www.ebay.it/sch/i.html?_nkw=Penna bic&_ipg=120&_pgn=1&_sop=12
2024-06-04 17:08:50,649 - DEBUG - Titolo: PENNA A SFERA BIC Nero Cristal Soft Punta Fine (0,8 Mm) Confezione da 4 Penne, Prezzo: EUR 3,90, URL: https://www.ebay.it/sch/i.html?_nkw=Penna bic&_ipg=120&_pgn=1&_sop=12
2024-06-04 17:08:50,649 - DEBUG - Titolo: Penna Bic Multifunzione 3 colori + matita e gomma, Prezzo: EUR 9,90, URL: https://www.ebay.it/sch/i.html?_nkw=Penna bic&_ipg=120&_pgn=1&_sop=12
2024-06-04 17:08:50,649 - DEBUG - Titolo: Penna Multicolor Bic  4 colori grafica dark e spazio, Prezzo: EUR 15,00, URL: https://www.ebay.it/sch/i.html?_nkw=Penna bic&_ipg=120&_pgn=1&_sop=12
2024-06-04 17:08:50,650 - DEBUG - Titolo: penne a sfera bic medium 10pz, penna bic da 1,0mm nero/blu/rosso/verde, Prezzo: EUR 2,85, URL: https://www.ebay.it/sch/i.html?_nkw=Penna bic&_ipg=120&_pgn=1&_sop=12
2024-06-04 17:08:50,650 - DEBUG - Titolo: N penna sfera metallo argentato massiccio modello Bic scrive vintage, Prezzo: EUR 60,00, URL: https://www.ebay.it/sch/i.html?_nkw=Penna bic&_ipg=120&_pgn=1&_sop=12
2024-06-04 17:08:50,650 - DEBUG - Titolo: Lotto 10 penne Bic vintage, Prezzo: EUR 15,00, URL: https://www.ebay.it/sch/i.html?_nkw=Penna bic&_ipg=120&_pgn=1&_sop=12
2024-06-04 17:08:50,650 - DEBUG - Titolo: Lotto 12 penne Bic vintage, Prezzo: EUR 15,00, URL: https://www.ebay.it/sch/i.html?_nkw=Penna bic&_ipg=120&_pgn=1&_sop=12
2024-06-04 17:08:50,650 - DEBUG - Titolo: PENNA BIC IN METALLO A SCATTO SCRITTURA NERA CON CUSTODIA CONFEZIONE REGALO, Prezzo: EUR 9,90, URL: https://www.ebay.it/sch/i.html?_nkw=Penna bic&_ipg=120&_pgn=1&_sop=12
2024-06-04 17:08:50,650 - DEBUG - Titolo: Confezione Bic Cristal da 4 Penne a Sfera - Inchiostro Base di Olio - Colore Blu, Prezzo: EUR 6,90, URL: https://www.ebay.it/sch/i.html?_nkw=Penna bic&_ipg=120&_pgn=1&_sop=12
2024-06-04 17:08:50,650 - DEBUG - Titolo: PENNE VINTAGE ANNI 80/90 BIC ORANGE BLU NERO ROSSO PUNTA FINE E CAPPUCCIO APERTO, Prezzo: EUR 11,50, URL: https://www.ebay.it/sch/i.html?_nkw=Penna bic&_ipg=120&_pgn=1&_sop=12
2024-06-04 17:08:50,650 - DEBUG - Titolo: BIC Cristal Multicolour, Penne a Sfera Colorate, Punta Larga 1.6mm, Set..., Prezzo: EUR 18,80, URL: https://www.ebay.it/sch/i.html?_nkw=Penna bic&_ipg=120&_pgn=1&_sop=12
2024-06-04 17:08:50,650 - DEBUG - Titolo: Penna BIC arancione anni 70 nero di china punta fine con cappuccio chiuso., Prezzo: EUR 4,00, URL: https://www.ebay.it/sch/i.html?_nkw=Penna bic&_ipg=120&_pgn=1&_sop=12
2024-06-04 17:08:50,650 - DEBUG - Titolo: Penna Bic Cristal fine 0.8mm nero confezione da 50, Prezzo: EUR 13,41, URL: https://www.ebay.it/sch/i.html?_nkw=Penna bic&_ipg=120&_pgn=1&_sop=12
2024-06-04 17:08:50,650 - DEBUG - Titolo: Rara penna BIC banana blù vintage anni 70 Made in USA.In confezione sigillata., Prezzo: EUR 15,00, URL: https://www.ebay.it/sch/i.html?_nkw=Penna bic&_ipg=120&_pgn=1&_sop=12
2024-06-04 17:08:50,651 - DEBUG - Titolo: advertising Pubblicità 1955 PENNA BIC, Prezzo: EUR 6,00, URL: https://www.ebay.it/sch/i.html?_nkw=Penna bic&_ipg=120&_pgn=1&_sop=12
2024-06-04 17:08:50,651 - DEBUG - Titolo: BIC 1995 COLLEZIONE LIMITED EDITION  BIRO 19 PENNE, Prezzo: EUR 59,90, URL: https://www.ebay.it/sch/i.html?_nkw=Penna bic&_ipg=120&_pgn=1&_sop=12
2024-06-04 17:08:50,651 - DEBUG - Titolo: Penna Bic vintage pubblicità BPER Banca Popolare dell'Emilia Romagna Giallo Blu, Prezzo: EUR 4,00, URL: https://www.ebay.it/sch/i.html?_nkw=Penna bic&_ipg=120&_pgn=1&_sop=12
2024-06-04 17:08:50,651 - DEBUG - Titolo: adesivo-sticker-PENNA BIC CRISTAL-cm.17,5x18, Prezzo: EUR 5,00, URL: https://www.ebay.it/sch/i.html?_nkw=Penna bic&_ipg=120&_pgn=1&_sop=12
2024-06-04 17:08:50,651 - DEBUG - Titolo: ADESIVO VINTAGE STICKER PENNE BIC BIC ON TOP, Prezzo: EUR 5,50, URL: https://www.ebay.it/sch/i.html?_nkw=Penna bic&_ipg=120&_pgn=1&_sop=12
2024-06-04 17:08:50,651 - DEBUG - Titolo: Penna bic special oro, Prezzo: EUR 3,00, URL: https://www.ebay.it/sch/i.html?_nkw=Penna bic&_ipg=120&_pgn=1&_sop=12
2024-06-04 17:08:50,651 - DEBUG - Titolo: Penna Bic 4 Colori Mare Fuori Edizione Limitata PINO O’ PAZZ, Prezzo: EUR 5,90, URL: https://www.ebay.it/sch/i.html?_nkw=Penna bic&_ipg=120&_pgn=1&_sop=12
2024-06-04 17:08:50,651 - DEBUG - Titolo: BIC EasyClic Medium Fountain Pen, Choice of 3 Different Colours, Prezzo: EUR 7,04, URL: https://www.ebay.it/sch/i.html?_nkw=Penna bic&_ipg=120&_pgn=1&_sop=12
2024-06-04 17:08:50,651 - DEBUG - Titolo: Penne BIC Lotto 62 Penne Leggere Descrizione , Prezzo: EUR 77,99, URL: https://www.ebay.it/sch/i.html?_nkw=Penna bic&_ipg=120&_pgn=1&_sop=12
2024-06-04 17:08:50,651 - DEBUG - Titolo: Vintage set 10 penne  BIC 5130 anni 80 blu punta media cappuccio aperto e stampa, Prezzo: EUR 9,00, URL: https://www.ebay.it/sch/i.html?_nkw=Penna bic&_ipg=120&_pgn=1&_sop=12
2024-06-04 17:08:50,652 - DEBUG - Titolo: Penna Bic 4 Colori Mare Fuori Edizione Limitata Set 2 Penne Edoardo e Cardiotrap, Prezzo: EUR 14,00, URL: https://www.ebay.it/sch/i.html?_nkw=Penna bic&_ipg=120&_pgn=1&_sop=12
2024-06-04 17:08:50,652 - DEBUG - Titolo: Bic Rosse Penne A Sfera, Ottime Per La Scuola, Punta Media 1.0 Mm, Pacco Da Quat, Prezzo: EUR 10,99, URL: https://www.ebay.it/sch/i.html?_nkw=Penna bic&_ipg=120&_pgn=1&_sop=12
2024-06-04 17:08:50,652 - DEBUG - Titolo: BIC PENNA a sfera CRISTAL SOFT punta media NERO 50 pezzi, Prezzo: EUR 20,00, URL: https://www.ebay.it/sch/i.html?_nkw=Penna bic&_ipg=120&_pgn=1&_sop=12
2024-06-04 17:08:50,652 - DEBUG - Titolo: Penna Bic Blu scatola da 50, Prezzo: EUR 19,99, URL: https://www.ebay.it/sch/i.html?_nkw=Penna bic&_ipg=120&_pgn=1&_sop=12
2024-06-04 17:08:50,652 - DEBUG - Titolo: Penna Stilo BIC Radica - Legno Da Bruyere - Tappo Argento Massiccio 925 - . Raro, Prezzo: EUR 904,83, URL: https://www.ebay.it/sch/i.html?_nkw=Penna bic&_ipg=120&_pgn=1&_sop=12
2024-06-04 17:08:50,652 - DEBUG - Titolo: Penna Bic Cristal Large 1,6mm FUN Nera, Rossa, Colorata, Fluo Sfera Larga Multic, Prezzo: EUR 1,00, URL: https://www.ebay.it/sch/i.html?_nkw=Penna bic&_ipg=120&_pgn=1&_sop=12
2024-06-04 17:08:50,652 - DEBUG - Titolo: BIC 4 Colori, Penne Multicolore, Set 6 Penne a Sfera a Scatto Con Inchiostri Cla, Prezzo: EUR 22,99, URL: https://www.ebay.it/sch/i.html?_nkw=Penna bic&_ipg=120&_pgn=1&_sop=12
2024-06-04 17:08:50,652 - DEBUG - Titolo: PENNA a sfera BIC 4 COLORI medium inchiostro MULTICOLORE BLU' VERDE ROSSO NERO, Prezzo: EUR 5,75, URL: https://www.ebay.it/sch/i.html?_nkw=Penna bic&_ipg=120&_pgn=1&_sop=12
2024-06-04 17:08:50,652 - DEBUG - Titolo: penna a sfera BIC M 17, Prezzo: EUR 8,00, URL: https://www.ebay.it/sch/i.html?_nkw=Penna bic&_ipg=120&_pgn=1&_sop=12
2024-06-04 17:08:50,652 - DEBUG - Titolo: PUBBLICITA PENNA BIC ANNI 50 Vintage advertising werbung, Prezzo: EUR 5,90, URL: https://www.ebay.it/sch/i.html?_nkw=Penna bic&_ipg=120&_pgn=1&_sop=12
2024-06-04 17:08:50,652 - DEBUG - Titolo: Penna Bic 4 Colori A Scatto Fusto Oro Gold, Prezzo: EUR 8,90, URL: https://www.ebay.it/sch/i.html?_nkw=Penna bic&_ipg=120&_pgn=1&_sop=12
2024-06-04 17:08:50,653 - DEBUG - Titolo: Penna Bic 4 Colori Mare Fuori Edizione Limitata EDOARDO, Prezzo: EUR 5,90, URL: https://www.ebay.it/sch/i.html?_nkw=Penna bic&_ipg=120&_pgn=1&_sop=12
2024-06-04 17:08:50,653 - DEBUG - Titolo: BIC vintage anni 80-90, Prezzo: EUR 45,00, URL: https://www.ebay.it/sch/i.html?_nkw=Penna bic&_ipg=120&_pgn=1&_sop=12
2024-06-04 17:08:50,653 - DEBUG - Titolo: Penna Multicolor Bic  4 colori grafica gelati, Prezzo: EUR 15,00, URL: https://www.ebay.it/sch/i.html?_nkw=Penna bic&_ipg=120&_pgn=1&_sop=12
2024-06-04 17:08:50,653 - DEBUG - Titolo: Penna BIC Cristal shine Celebrate Oro inchiostro Blu Sfera Punta Media 1.0 mm, Prezzo: EUR 2,50, URL: https://www.ebay.it/sch/i.html?_nkw=Penna bic&_ipg=120&_pgn=1&_sop=12
2024-06-04 17:08:50,653 - DEBUG - Titolo: Penna roller BIC vintage da collezione con logo pubblicitario CEPI, Prezzo: EUR 10,00, URL: https://www.ebay.it/sch/i.html?_nkw=Penna bic&_ipg=120&_pgn=1&_sop=12
2024-06-04 17:08:50,653 - DEBUG - Titolo: BIC Sfera Bic Cristal in Metallo Re'New + 2 Refill - Inchiostro Nero, Prezzo: EUR 8,90, URL: https://www.ebay.it/sch/i.html?_nkw=Penna bic&_ipg=120&_pgn=1&_sop=12
2024-06-04 17:08:50,653 - DEBUG - Titolo: Lotto 70 penne pubblicitarie miste e bancarie BIC roller Juventus Capacitiva Pen, Prezzo: EUR 35,99, URL: https://www.ebay.it/sch/i.html?_nkw=Penna bic&_ipg=120&_pgn=1&_sop=12
2024-06-04 17:08:50,653 - DEBUG - Titolo: BIC Pastel Dream Kit, 16 accessori penne, pennarelli, evidenziatori, Prezzo: EUR 14,99, URL: https://www.ebay.it/sch/i.html?_nkw=Penna bic&_ipg=120&_pgn=1&_sop=12
2024-06-04 17:08:50,653 - DEBUG - Titolo: 1 Penna Bic Multicolore Edizione Limitata Mare Fuori  4471, Prezzo: EUR 7,00, URL: https://www.ebay.it/sch/i.html?_nkw=Penna bic&_ipg=120&_pgn=1&_sop=12
2024-06-04 17:08:50,653 - DEBUG - Titolo: Lot + 30 STYLOS Bic Plume Waterman Pierre Cardin Reynolds Marksman Crayons B3#, Prezzo: EUR 27,00, URL: https://www.ebay.it/sch/i.html?_nkw=Penna bic&_ipg=120&_pgn=1&_sop=12
2024-06-04 17:08:50,653 - DEBUG - Titolo: Confezione Bic Cristal da 4 Penne a Sfera - Punta Roller da 1,0 mm - Assortiti, Prezzo: EUR 6,90, URL: https://www.ebay.it/sch/i.html?_nkw=Penna bic&_ipg=120&_pgn=1&_sop=12
2024-06-04 17:08:50,653 - DEBUG - Titolo: 10 x Penna nere a sfera con cappuccio BIC Crystal soft  R182, Prezzo: EUR 2,00, URL: https://www.ebay.it/sch/i.html?_nkw=Penna bic&_ipg=120&_pgn=1&_sop=12
2024-06-04 17:08:50,654 - DEBUG - Titolo: Penna BIC arancione anni 70 blù di china punta fine con cappuccio chiuso., Prezzo: EUR 20,00, URL: https://www.ebay.it/sch/i.html?_nkw=Penna bic&_ipg=120&_pgn=1&_sop=12
2024-06-04 17:08:50,654 - DEBUG - Titolo: SFERA ROSSA BIC PENNE A 50 SCUOLA UFFICIO PENNA lv, Prezzo: EUR 19,99, URL: https://www.ebay.it/sch/i.html?_nkw=Penna bic&_ipg=120&_pgn=1&_sop=12
2024-06-04 17:08:50,654 - DEBUG - Titolo: 50 CONFEZIONE PEZZI BIC CRISTAL PENNA TRATTO MEDIO ROSSO NERO BLU xx, Prezzo: EUR 19,99, URL: https://www.ebay.it/sch/i.html?_nkw=Penna bic&_ipg=120&_pgn=1&_sop=12
